[debug] [2026-09-17T21:24:00.576Z] ----------------------------------------------------------------------
[debug] [2026-09-17T21:24:00.594Z] Command:       /usr/local/bin/firebase /Users/sherifelawady/.cache/firebase/tools/lib/node_modules/firebase-tools/lib/bin/firebase projects:list
[debug] [2026-09-17T21:24:00.595Z] CLI Version:   15.24.0
[debug] [2026-09-17T21:24:00.595Z] Platform:      darwin
[debug] [2026-09-17T21:24:00.596Z] Node Version:  v20.18.2
[debug] [2026-09-17T21:24:00.596Z] Detected Agent: cursor
[debug] [2026-09-17T21:24:00.598Z] Time:          Fri Sep 18 2026 00:24:00 GMT+0300 (Eastern European Summer Time)
[debug] [2026-09-17T21:24:00.598Z] ----------------------------------------------------------------------
[debug] 
[debug] [2026-09-17T21:24:00.617Z] >>> [apiv2][query] GET https://firebase-public.firebaseio.com/cli.json [none]
[debug] [2026-09-17T21:24:00.733Z] > command requires scopes: ["email","openid","https://www.googleapis.com/auth/cloudplatformprojects.readonly","https://www.googleapis.com/auth/firebase","https://www.googleapis.com/auth/cloud-platform"]
[debug] [2026-09-17T21:24:00.734Z] > authorizing via signed-in user (sherifelawdey1@gmail.com)
[debug] [2026-09-17T21:24:00.743Z] Checked if tokens are valid: false, expires at: 1789588224772
[debug] [2026-09-17T21:24:00.746Z] Checked if tokens are valid: false, expires at: 1789588224772
[debug] [2026-09-17T21:24:00.749Z] > refreshing access token with scopes: []
[debug] [2026-09-17T21:24:00.754Z] >>> [apiv2][query] POST https://www.googleapis.com/oauth2/v3/token [none]
[debug] [2026-09-17T21:24:00.756Z] >>> [apiv2][body] POST https://www.googleapis.com/oauth2/v3/token [omitted]
[debug] [2026-09-17T21:24:01.293Z] <<< [apiv2][status] POST https://www.googleapis.com/oauth2/v3/token 200
[debug] [2026-09-17T21:24:01.296Z] <<< [apiv2][body] POST https://www.googleapis.com/oauth2/v3/token [omitted]
[debug] [2026-09-17T21:24:01.312Z] >>> [apiv2][query] GET https://firebase.googleapis.com/v1beta1/projects pageSize=1000
[debug] [2026-09-17T21:24:01.426Z] <<< [apiv2][status] GET https://firebase-public.firebaseio.com/cli.json 200
[debug] [2026-09-17T21:24:01.427Z] <<< [apiv2][body] GET https://firebase-public.firebaseio.com/cli.json {"cloudBuildErrorAfter":1594252800000,"cloudBuildWarnAfter":1590019200000,"defaultNode10After":1594252800000,"minVersion":"3.0.5","node8DeploysDisabledAfter":1613390400000,"node8RuntimeDisabledAfter":1615809600000,"node8WarnAfter":1600128000000}
[debug] [2026-09-17T21:24:01.974Z] <<< [apiv2][status] GET https://firebase.googleapis.com/v1beta1/projects 200
[debug] [2026-09-17T21:24:01.975Z] <<< [apiv2][body] GET https://firebase.googleapis.com/v1beta1/projects [omitted]
[info] ┌──────────────────────────┬──────────────────────────┬────────────────┬──────────────────────┐
│ Project Display Name     │ Project ID               │ Project Number │ Resource Location ID │
├──────────────────────────┼──────────────────────────┼────────────────┼──────────────────────┤
│ Dealer Hub               │ dealer-hub-58f87         │ 997880631664   │ [Not specified]      │
├──────────────────────────┼──────────────────────────┼────────────────┼──────────────────────┤
│ DOWAR SAHH               │ dowar-sahh               │ 47243757329    │ [Not specified]      │
├──────────────────────────┼──────────────────────────┼────────────────┼──────────────────────┤
│ Easy Learning            │ easy-learning-d8981      │ 739648068627   │ us-central           │
├──────────────────────────┼──────────────────────────┼────────────────┼──────────────────────┤
│ facebook                 │ facebook-12a2a           │ 198590773301   │ [Not specified]      │
├──────────────────────────┼──────────────────────────┼────────────────┼──────────────────────┤
│ FCI Students             │ fci-students-6e643       │ 865649547426   │ us-central           │
├──────────────────────────┼──────────────────────────┼────────────────┼──────────────────────┤
│ Flutter Social           │ flutter-social-fc5ed     │ 735120432783   │ us-central           │
├──────────────────────────┼──────────────────────────┼────────────────┼──────────────────────┤
│ free zone                │ free-zone-df10b          │ 638268747174   │ [Not specified]      │
├──────────────────────────┼──────────────────────────┼────────────────┼──────────────────────┤
│ Gommla                   │ gommla-17182             │ 400125050690   │ [Not specified]      │
├──────────────────────────┼──────────────────────────┼────────────────┼──────────────────────┤
│ Goo Gym                  │ goo-gym-c45bc            │ 114221338237   │ [Not specified]      │
├──────────────────────────┼──────────────────────────┼────────────────┼──────────────────────┤
│ Gymly                    │ gymly-a3fe8              │ 1047137785808  │ [Not specified]      │
├──────────────────────────┼──────────────────────────┼────────────────┼──────────────────────┤
│ MA7ly                    │ ma7ly-e0ea2              │ 613390426911   │ us-central           │
├──────────────────────────┼──────────────────────────┼────────────────┼──────────────────────┤
│ Ma7ly Flutter            │ ma7ly-flutter            │ 686466093101   │ us-central           │
├──────────────────────────┼──────────────────────────┼────────────────┼──────────────────────┤
│ Google Test              │ test-af567               │ 128805999771   │ us-central           │
├──────────────────────────┼──────────────────────────┼────────────────┼──────────────────────┤
│ Toukh                    │ toukh-b5708              │ 919479487381   │ [Not specified]      │
├──────────────────────────┼──────────────────────────┼────────────────┼──────────────────────┤
│ Tuba Music               │ tuba-music               │ 1000034037806  │ [Not specified]      │
├──────────────────────────┼──────────────────────────┼────────────────┼──────────────────────┤
│ VAXON Apps               │ vaxon-apps               │ 224526160508   │ [Not specified]      │
├──────────────────────────┼──────────────────────────┼────────────────┼──────────────────────┤
│ Waseely                  │ waseely-340ba            │ 453465443496   │ [Not specified]      │
├──────────────────────────┼──────────────────────────┼────────────────┼──────────────────────┤
│ Youme Landing Page       │ youme-landing-page       │ 206118986353   │ [Not specified]      │
├──────────────────────────┼──────────────────────────┼────────────────┼──────────────────────┤
│ Zoofilist Pet Owner prod │ zoofilist-pet-owner-prod │ 528055596244   │ [Not specified]      │
├──────────────────────────┼──────────────────────────┼────────────────┼──────────────────────┤
│ ZoofilistPSP-UAT         │ zoofilist-psp            │ 123052860972   │ [Not specified]      │
├──────────────────────────┼──────────────────────────┼────────────────┼──────────────────────┤
│ zoofilist-uat            │ zoofilist-uat            │ 919436157300   │ [Not specified]      │
├──────────────────────────┼──────────────────────────┼────────────────┼──────────────────────┤
│ ZoofilistPSP-Production  │ zoofilistpsp-production  │ 311402849698   │ [Not specified]      │
├──────────────────────────┼──────────────────────────┼────────────────┼──────────────────────┤
│ ZoofilistPSP-Prod        │ zoofilistpsp-uat         │ 56859524570    │ [Not specified]      │
└──────────────────────────┴──────────────────────────┴────────────────┴──────────────────────┘
[info] 
[info] 23 project(s) total.
[debug] [2026-09-17T21:24:02.070Z] Error: write EPIPE
    at afterWriteDispatched (node:internal/stream_base_commons:161:15)
    at writeGeneric (node:internal/stream_base_commons:152:3)
    at Socket._writeGeneric (node:net:958:11)
    at Socket._write (node:net:970:8)
    at writeOrBuffer (node:internal/streams/writable:572:12)
    at _write (node:internal/streams/writable:501:10)
    at Writable.write (node:internal/streams/writable:510:10)
    at Console.log (/Users/sherifelawady/.cache/firebase/tools/lib/node_modules/winston/lib/winston/transports/console.js:87:23)
    at Console._write (/Users/sherifelawady/.cache/firebase/tools/lib/node_modules/winston-transport/modern.js:103:17)
    at doWrite (/Users/sherifelawady/.cache/firebase/tools/lib/node_modules/winston-transport/node_modules/readable-stream/lib/_stream_writable.js:390:139)
[error] 
[error] Error: An unexpected error has occurred.
[debug] [2026-09-17T21:24:02.072Z] Error: write EPIPE
    at afterWriteDispatched (node:internal/stream_base_commons:161:15)
    at writeGeneric (node:internal/stream_base_commons:152:3)
    at Socket._writeGeneric (node:net:958:11)
    at Socket._write (node:net:970:8)
    at writeOrBuffer (node:internal/streams/writable:572:12)
    at _write (node:internal/streams/writable:501:10)
    at Writable.write (node:internal/streams/writable:510:10)
    at Console.log (/Users/sherifelawady/.cache/firebase/tools/lib/node_modules/winston/lib/winston/transports/console.js:87:23)
    at Console._write (/Users/sherifelawady/.cache/firebase/tools/lib/node_modules/winston-transport/modern.js:103:17)
    at doWrite (/Users/sherifelawady/.cache/firebase/tools/lib/node_modules/winston-transport/node_modules/readable-stream/lib/_stream_writable.js:390:139)
[error] 
[error] Error: An unexpected error has occurred.
[debug] [2026-09-17T21:24:02.073Z] Error: write EPIPE
    at afterWriteDispatched (node:internal/stream_base_commons:161:15)
    at writeGeneric (node:internal/stream_base_commons:152:3)
    at Socket._writeGeneric (node:net:958:11)
    at Socket._write (node:net:970:8)
    at writeOrBuffer (node:internal/streams/writable:572:12)
    at _write (node:internal/streams/writable:501:10)
    at Writable.write (node:internal/streams/writable:510:10)
    at Console.log (/Users/sherifelawady/.cache/firebase/tools/lib/node_modules/winston/lib/winston/transports/console.js:87:23)
    at Console._write (/Users/sherifelawady/.cache/firebase/tools/lib/node_modules/winston-transport/modern.js:103:17)
    at doWrite (/Users/sherifelawady/.cache/firebase/tools/lib/node_modules/winston-transport/node_modules/readable-stream/lib/_stream_writable.js:390:139)
[error] 
[error] Error: An unexpected error has occurred.
[debug] [2026-09-17T21:24:02.077Z] Error: write EPIPE
    at afterWriteDispatched (node:internal/stream_base_commons:161:15)
    at writeGeneric (node:internal/stream_base_commons:152:3)
    at Socket._writeGeneric (node:net:958:11)
    at Socket._write (node:net:970:8)
    at writeOrBuffer (node:internal/streams/writable:572:12)
    at _write (node:internal/streams/writable:501:10)
    at Writable.write (node:internal/streams/writable:510:10)
    at Console.log (/Users/sherifelawady/.cache/firebase/tools/lib/node_modules/winston/lib/winston/transports/console.js:87:23)
    at Console._write (/Users/sherifelawady/.cache/firebase/tools/lib/node_modules/winston-transport/modern.js:103:17)
    at doWrite (/Users/sherifelawady/.cache/firebase/tools/lib/node_modules/winston-transport/node_modules/readable-stream/lib/_stream_writable.js:390:139)
[error] 
[error] Error: An unexpected error has occurred.
[debug] [2026-09-17T21:24:02.080Z] Error: write EPIPE
    at afterWriteDispatched (node:internal/stream_base_commons:161:15)
    at writeGeneric (node:internal/stream_base_commons:152:3)
    at Socket._writeGeneric (node:net:958:11)
    at Socket._write (node:net:970:8)
    at writeOrBuffer (node:internal/streams/writable:572:12)
    at _write (node:internal/streams/writable:501:10)
    at Writable.write (node:internal/streams/writable:510:10)
    at Console.log (/Users/sherifelawady/.cache/firebase/tools/lib/node_modules/winston/lib/winston/transports/console.js:87:23)
    at Console._write (/Users/sherifelawady/.cache/firebase/tools/lib/node_modules/winston-transport/modern.js:103:17)
    at doWrite (/Users/sherifelawady/.cache/firebase/tools/lib/node_modules/winston-transport/node_modules/readable-stream/lib/_stream_writable.js:390:139)
[error] 
[error] Error: An unexpected error has occurred.
[debug] [2026-09-17T21:24:02.081Z] Error: write EPIPE
    at afterWriteDispatched (node:internal/stream_base_commons:161:15)
    at writeGeneric (node:internal/stream_base_commons:152:3)
    at Socket._writeGeneric (node:net:958:11)
    at Socket._write (node:net:970:8)
    at writeOrBuffer (node:internal/streams/writable:572:12)
    at _write (node:internal/streams/writable:501:10)
    at Writable.write (node:internal/streams/writable:510:10)
    at Console.log (/Users/sherifelawady/.cache/firebase/tools/lib/node_modules/winston/lib/winston/transports/console.js:87:23)
    at Console._write (/Users/sherifelawady/.cache/firebase/tools/lib/node_modules/winston-transport/modern.js:103:17)
    at doWrite (/Users/sherifelawady/.cache/firebase/tools/lib/node_modules/winston-transport/node_modules/readable-stream/lib/_stream_writable.js:390:139)
[error] 
[error] Error: An unexpected error has occurred.
[debug] [2026-09-17T21:24:02.082Z] Error: write EPIPE
    at afterWriteDispatched (node:internal/stream_base_commons:161:15)
    at writeGeneric (node:internal/stream_base_commons:152:3)
    at Socket._writeGeneric (node:net:958:11)
    at Socket._write (node:net:970:8)
    at writeOrBuffer (node:internal/streams/writable:572:12)
    at _write (node:internal/streams/writable:501:10)
    at Writable.write (node:internal/streams/writable:510:10)
    at Console.log (/Users/sherifelawady/.cache/firebase/tools/lib/node_modules/winston/lib/winston/transports/console.js:87:23)
    at Console._write (/Users/sherifelawady/.cache/firebase/tools/lib/node_modules/winston-transport/modern.js:103:17)
    at doWrite (/Users/sherifelawady/.cache/firebase/tools/lib/node_modules/winston-transport/node_modules/readable-stream/lib/_stream_writable.js:390:139)
[error] 
[error] Error: An unexpected error has occurred.
[debug] [2026-09-17T21:24:02.082Z] Error: write EPIPE
    at afterWriteDispatched (node:internal/stream_base_commons:161:15)
    at writeGeneric (node:internal/stream_base_commons:152:3)
    at Socket._writeGeneric (node:net:958:11)
    at Socket._write (node:net:970:8)
    at writeOrBuffer (node:internal/streams/writable:572:12)
    at _write (node:internal/streams/writable:501:10)
    at Writable.write (node:internal/streams/writable:510:10)
    at Console.log (/Users/sherifelawady/.cache/firebase/tools/lib/node_modules/winston/lib/winston/transports/console.js:87:23)
    at Console._write (/Users/sherifelawady/.cache/firebase/tools/lib/node_modules/winston-transport/modern.js:103:17)
    at doWrite (/Users/sherifelawady/.cache/firebase/tools/lib/node_modules/winston-transport/node_modules/readable-stream/lib/_stream_writable.js:390:139)
[error] 
[error] Error: An unexpected error has occurred.
[debug] [2026-09-17T21:24:02.084Z] Error: write EPIPE
    at afterWriteDispatched (node:internal/stream_base_commons:161:15)
    at writeGeneric (node:internal/stream_base_commons:152:3)
    at Socket._writeGeneric (node:net:958:11)
    at Socket._write (node:net:970:8)
    at writeOrBuffer (node:internal/streams/writable:572:12)
    at _write (node:internal/streams/writable:501:10)
    at Writable.write (node:internal/streams/writable:510:10)
    at Console.log (/Users/sherifelawady/.cache/firebase/tools/lib/node_modules/winston/lib/winston/transports/console.js:87:23)
    at Console._write (/Users/sherifelawady/.cache/firebase/tools/lib/node_modules/winston-transport/modern.js:103:17)
    at doWrite (/Users/sherifelawady/.cache/firebase/tools/lib/node_modules/winston-transport/node_modules/readable-stream/lib/_stream_writable.js:390:139)
[error] 
[error] Error: An unexpected error has occurred.
[debug] [2026-09-17T21:24:02.085Z] Error: write EPIPE
    at afterWriteDispatched (node:internal/stream_base_commons:161:15)
    at writeGeneric (node:internal/stream_base_commons:152:3)
    at Socket._writeGeneric (node:net:958:11)
    at Socket._write (node:net:970:8)
    at writeOrBuffer (node:internal/streams/writable:572:12)
    at _write (node:internal/streams/writable:501:10)
    at Writable.write (node:internal/streams/writable:510:10)
    at Console.log (/Users/sherifelawady/.cache/firebase/tools/lib/node_modules/winston/lib/winston/transports/console.js:87:23)
    at Console._write (/Users/sherifelawady/.cache/firebase/tools/lib/node_modules/winston-transport/modern.js:103:17)
    at doWrite (/Users/sherifelawady/.cache/firebase/tools/lib/node_modules/winston-transport/node_modules/readable-stream/lib/_stream_writable.js:390:139)
[error] 
[error] Error: An unexpected error has occurred.
[debug] [2026-09-17T21:24:02.087Z] Error: write EPIPE
    at afterWriteDispatched (node:internal/stream_base_commons:161:15)
    at writeGeneric (node:internal/stream_base_commons:152:3)
    at Socket._writeGeneric (node:net:958:11)
    at Socket._write (node:net:970:8)
    at writeOrBuffer (node:internal/streams/writable:572:12)
    at _write (node:internal/streams/writable:501:10)
    at Writable.write (node:internal/streams/writable:510:10)
    at Console.log (/Users/sherifelawady/.cache/firebase/tools/lib/node_modules/winston/lib/winston/transports/console.js:87:23)
    at Console._write (/Users/sherifelawady/.cache/firebase/tools/lib/node_modules/winston-transport/modern.js:103:17)
    at doWrite (/Users/sherifelawady/.cache/firebase/tools/lib/node_modules/winston-transport/node_modules/readable-stream/lib/_stream_writable.js:390:139)
[error] 
[error] Error: An unexpected error has occurred.
[debug] [2026-09-17T21:24:02.090Z] Error: write EPIPE
    at afterWriteDispatched (node:internal/stream_base_commons:161:15)
    at writeGeneric (node:internal/stream_base_commons:152:3)
    at Socket._writeGeneric (node:net:958:11)
    at Socket._write (node:net:970:8)
    at writeOrBuffer (node:internal/streams/writable:572:12)
    at _write (node:internal/streams/writable:501:10)
    at Writable.write (node:internal/streams/writable:510:10)
    at Console.log (/Users/sherifelawady/.cache/firebase/tools/lib/node_modules/winston/lib/winston/transports/console.js:87:23)
    at Console._write (/Users/sherifelawady/.cache/firebase/tools/lib/node_modules/winston-transport/modern.js:103:17)
    at doWrite (/Users/sherifelawady/.cache/firebase/tools/lib/node_modules/winston-transport/node_modules/readable-stream/lib/_stream_writable.js:390:139)
[error] 
[error] Error: An unexpected error has occurred.
[debug] [2026-09-17T21:24:02.095Z] Error: write EPIPE
    at afterWriteDispatched (node:internal/stream_base_commons:161:15)
    at writeGeneric (node:internal/stream_base_commons:152:3)
    at Socket._writeGeneric (node:net:958:11)
    at Socket._write (node:net:970:8)
    at writeOrBuffer (node:internal/streams/writable:572:12)
    at _write (node:internal/streams/writable:501:10)
    at Writable.write (node:internal/streams/writable:510:10)
    at Console.log (/Users/sherifelawady/.cache/firebase/tools/lib/node_modules/winston/lib/winston/transports/console.js:87:23)
    at Console._write (/Users/sherifelawady/.cache/firebase/tools/lib/node_modules/winston-transport/modern.js:103:17)
    at doWrite (/Users/sherifelawady/.cache/firebase/tools/lib/node_modules/winston-transport/node_modules/readable-stream/lib/_stream_writable.js:390:139)
[error] 
[error] Error: An unexpected error has occurred.
[debug] [2026-09-17T21:24:02.098Z] Error: write EPIPE
    at afterWriteDispatched (node:internal/stream_base_commons:161:15)
    at writeGeneric (node:internal/stream_base_commons:152:3)
    at Socket._writeGeneric (node:net:958:11)
    at Socket._write (node:net:970:8)
    at writeOrBuffer (node:internal/streams/writable:572:12)
    at _write (node:internal/streams/writable:501:10)
    at Writable.write (node:internal/streams/writable:510:10)
    at Console.log (/Users/sherifelawady/.cache/firebase/tools/lib/node_modules/winston/lib/winston/transports/console.js:87:23)
    at Console._write (/Users/sherifelawady/.cache/firebase/tools/lib/node_modules/winston-transport/modern.js:103:17)
    at doWrite (/Users/sherifelawady/.cache/firebase/tools/lib/node_modules/winston-transport/node_modules/readable-stream/lib/_stream_writable.js:390:139)
[error] 
[error] Error: An unexpected error has occurred.
[debug] [2026-09-17T21:24:02.099Z] Error: write EPIPE
    at afterWriteDispatched (node:internal/stream_base_commons:161:15)
    at writeGeneric (node:internal/stream_base_commons:152:3)
    at Socket._writeGeneric (node:net:958:11)
    at Socket._write (node:net:970:8)
    at writeOrBuffer (node:internal/streams/writable:572:12)
    at _write (node:internal/streams/writable:501:10)
    at Writable.write (node:internal/streams/writable:510:10)
    at Console.log (/Users/sherifelawady/.cache/firebase/tools/lib/node_modules/winston/lib/winston/transports/console.js:87:23)
    at Console._write (/Users/sherifelawady/.cache/firebase/tools/lib/node_modules/winston-transport/modern.js:103:17)
    at doWrite (/Users/sherifelawady/.cache/firebase/tools/lib/node_modules/winston-transport/node_modules/readable-stream/lib/_stream_writable.js:390:139)
[error] 
[error] Error: An unexpected error has occurred.
[debug] [2026-09-17T21:24:02.099Z] Error: write EPIPE
    at afterWriteDispatched (node:internal/stream_base_commons:161:15)
    at writeGeneric (node:internal/stream_base_commons:152:3)
    at Socket._writeGeneric (node:net:958:11)
    at Socket._write (node:net:970:8)
    at writeOrBuffer (node:internal/streams/writable:572:12)
    at _write (node:internal/streams/writable:501:10)
    at Writable.write (node:internal/streams/writable:510:10)
    at Console.log (/Users/sherifelawady/.cache/firebase/tools/lib/node_modules/winston/lib/winston/transports/console.js:87:23)
    at Console._write (/Users/sherifelawady/.cache/firebase/tools/lib/node_modules/winston-transport/modern.js:103:17)
    at doWrite (/Users/sherifelawady/.cache/firebase/tools/lib/node_modules/winston-transport/node_modules/readable-stream/lib/_stream_writable.js:390:139)
[error] 
[error] Error: An unexpected error has occurred.
[debug] [2026-09-17T21:24:02.100Z] Error: write EPIPE
    at afterWriteDispatched (node:internal/stream_base_commons:161:15)
    at writeGeneric (node:internal/stream_base_commons:152:3)
    at Socket._writeGeneric (node:net:958:11)
    at Socket._write (node:net:970:8)
    at writeOrBuffer (node:internal/streams/writable:572:12)
    at _write (node:internal/streams/writable:501:10)
    at Writable.write (node:internal/streams/writable:510:10)
    at Console.log (/Users/sherifelawady/.cache/firebase/tools/lib/node_modules/winston/lib/winston/transports/console.js:87:23)
    at Console._write (/Users/sherifelawady/.cache/firebase/tools/lib/node_modules/winston-transport/modern.js:103:17)
    at doWrite (/Users/sherifelawady/.cache/firebase/tools/lib/node_modules/winston-transport/node_modules/readable-stream/lib/_stream_writable.js:390:139)
[error] 
[error] Error: An unexpected error has occurred.
[debug] [2026-09-17T21:24:02.100Z] Error: write EPIPE
    at afterWriteDispatched (node:internal/stream_base_commons:161:15)
    at writeGeneric (node:internal/stream_base_commons:152:3)
    at Socket._writeGeneric (node:net:958:11)
    at Socket._write (node:net:970:8)
    at writeOrBuffer (node:internal/streams/writable:572:12)
    at _write (node:internal/streams/writable:501:10)
    at Writable.write (node:internal/streams/writable:510:10)
    at Console.log (/Users/sherifelawady/.cache/firebase/tools/lib/node_modules/winston/lib/winston/transports/console.js:87:23)
    at Console._write (/Users/sherifelawady/.cache/firebase/tools/lib/node_modules/winston-transport/modern.js:103:17)
    at doWrite (/Users/sherifelawady/.cache/firebase/tools/lib/node_modules/winston-transport/node_modules/readable-stream/lib/_stream_writable.js:390:139)
[error] 
[error] Error: An unexpected error has occurred.
[debug] [2026-09-17T21:24:02.101Z] Error: write EPIPE
    at afterWriteDispatched (node:internal/stream_base_commons:161:15)
    at writeGeneric (node:internal/stream_base_commons:152:3)
    at Socket._writeGeneric (node:net:958:11)
    at Socket._write (node:net:970:8)
    at writeOrBuffer (node:internal/streams/writable:572:12)
    at _write (node:internal/streams/writable:501:10)
    at Writable.write (node:internal/streams/writable:510:10)
    at Console.log (/Users/sherifelawady/.cache/firebase/tools/lib/node_modules/winston/lib/winston/transports/console.js:87:23)
    at Console._write (/Users/sherifelawady/.cache/firebase/tools/lib/node_modules/winston-transport/modern.js:103:17)
    at doWrite (/Users/sherifelawady/.cache/firebase/tools/lib/node_modules/winston-transport/node_modules/readable-stream/lib/_stream_writable.js:390:139)
[error] 
[error] Error: An unexpected error has occurred.
[debug] [2026-09-17T21:24:02.102Z] Error: write EPIPE
    at afterWriteDispatched (node:internal/stream_base_commons:161:15)
    at writeGeneric (node:internal/stream_base_commons:152:3)
    at Socket._writeGeneric (node:net:958:11)
    at Socket._write (node:net:970:8)
    at writeOrBuffer (node:internal/streams/writable:572:12)
    at _write (node:internal/streams/writable:501:10)
    at Writable.write (node:internal/streams/writable:510:10)
    at Console.log (/Users/sherifelawady/.cache/firebase/tools/lib/node_modules/winston/lib/winston/transports/console.js:87:23)
    at Console._write (/Users/sherifelawady/.cache/firebase/tools/lib/node_modules/winston-transport/modern.js:103:17)
    at doWrite (/Users/sherifelawady/.cache/firebase/tools/lib/node_modules/winston-transport/node_modules/readable-stream/lib/_stream_writable.js:390:139)
[error] 
[error] Error: An unexpected error has occurred.
[debug] [2026-09-17T21:24:02.102Z] Error: write EPIPE
    at afterWriteDispatched (node:internal/stream_base_commons:161:15)
    at writeGeneric (node:internal/stream_base_commons:152:3)
    at Socket._writeGeneric (node:net:958:11)
    at Socket._write (node:net:970:8)
    at writeOrBuffer (node:internal/streams/writable:572:12)
    at _write (node:internal/streams/writable:501:10)
    at Writable.write (node:internal/streams/writable:510:10)
    at Console.log (/Users/sherifelawady/.cache/firebase/tools/lib/node_modules/winston/lib/winston/transports/console.js:87:23)
    at Console._write (/Users/sherifelawady/.cache/firebase/tools/lib/node_modules/winston-transport/modern.js:103:17)
    at doWrite (/Users/sherifelawady/.cache/firebase/tools/lib/node_modules/winston-transport/node_modules/readable-stream/lib/_stream_writable.js:390:139)
[error] 
[error] Error: An unexpected error has occurred.
[debug] [2026-09-17T21:24:02.102Z] Error: write EPIPE
    at afterWriteDispatched (node:internal/stream_base_commons:161:15)
    at writeGeneric (node:internal/stream_base_commons:152:3)
    at Socket._writeGeneric (node:net:958:11)
    at Socket._write (node:net:970:8)
    at writeOrBuffer (node:internal/streams/writable:572:12)
    at _write (node:internal/streams/writable:501:10)
    at Writable.write (node:internal/streams/writable:510:10)
    at Console.log (/Users/sherifelawady/.cache/firebase/tools/lib/node_modules/winston/lib/winston/transports/console.js:87:23)
    at Console._write (/Users/sherifelawady/.cache/firebase/tools/lib/node_modules/winston-transport/modern.js:103:17)
    at doWrite (/Users/sherifelawady/.cache/firebase/tools/lib/node_modules/winston-transport/node_modules/readable-stream/lib/_stream_writable.js:390:139)
[error] 
[error] Error: An unexpected error has occurred.
[debug] [2026-09-17T21:24:02.102Z] Error: write EPIPE
    at afterWriteDispatched (node:internal/stream_base_commons:161:15)
    at writeGeneric (node:internal/stream_base_commons:152:3)
    at Socket._writeGeneric (node:net:958:11)
    at Socket._write (node:net:970:8)
    at writeOrBuffer (node:internal/streams/writable:572:12)
    at _write (node:internal/streams/writable:501:10)
    at Writable.write (node:internal/streams/writable:510:10)
    at Console.log (/Users/sherifelawady/.cache/firebase/tools/lib/node_modules/winston/lib/winston/transports/console.js:87:23)
    at Console._write (/Users/sherifelawady/.cache/firebase/tools/lib/node_modules/winston-transport/modern.js:103:17)
    at doWrite (/Users/sherifelawady/.cache/firebase/tools/lib/node_modules/winston-transport/node_modules/readable-stream/lib/_stream_writable.js:390:139)
[error] 
[error] Error: An unexpected error has occurred.
[debug] [2026-09-17T21:24:02.102Z] Error: write EPIPE
    at afterWriteDispatched (node:internal/stream_base_commons:161:15)
    at writeGeneric (node:internal/stream_base_commons:152:3)
    at Socket._writeGeneric (node:net:958:11)
    at Socket._write (node:net:970:8)
    at writeOrBuffer (node:internal/streams/writable:572:12)
    at _write (node:internal/streams/writable:501:10)
    at Writable.write (node:internal/streams/writable:510:10)
    at Console.log (/Users/sherifelawady/.cache/firebase/tools/lib/node_modules/winston/lib/winston/transports/console.js:87:23)
    at Console._write (/Users/sherifelawady/.cache/firebase/tools/lib/node_modules/winston-transport/modern.js:103:17)
    at doWrite (/Users/sherifelawady/.cache/firebase/tools/lib/node_modules/winston-transport/node_modules/readable-stream/lib/_stream_writable.js:390:139)
[error] 
[error] Error: An unexpected error has occurred.
[debug] [2026-09-17T21:24:02.102Z] Error: write EPIPE
    at afterWriteDispatched (node:internal/stream_base_commons:161:15)
    at writeGeneric (node:internal/stream_base_commons:152:3)
    at Socket._writeGeneric (node:net:958:11)
    at Socket._write (node:net:970:8)
    at writeOrBuffer (node:internal/streams/writable:572:12)
    at _write (node:internal/streams/writable:501:10)
    at Writable.write (node:internal/streams/writable:510:10)
    at Console.log (/Users/sherifelawady/.cache/firebase/tools/lib/node_modules/winston/lib/winston/transports/console.js:87:23)
    at Console._write (/Users/sherifelawady/.cache/firebase/tools/lib/node_modules/winston-transport/modern.js:103:17)
    at doWrite (/Users/sherifelawady/.cache/firebase/tools/lib/node_modules/winston-transport/node_modules/readable-stream/lib/_stream_writable.js:390:139)
[error] 
[error] Error: An unexpected error has occurred.
[debug] [2026-09-17T21:24:02.103Z] Error: write EPIPE
    at afterWriteDispatched (node:internal/stream_base_commons:161:15)
    at writeGeneric (node:internal/stream_base_commons:152:3)
    at Socket._writeGeneric (node:net:958:11)
    at Socket._write (node:net:970:8)
    at writeOrBuffer (node:internal/streams/writable:572:12)
    at _write (node:internal/streams/writable:501:10)
    at Writable.write (node:internal/streams/writable:510:10)
    at Console.log (/Users/sherifelawady/.cache/firebase/tools/lib/node_modules/winston/lib/winston/transports/console.js:87:23)
    at Console._write (/Users/sherifelawady/.cache/firebase/tools/lib/node_modules/winston-transport/modern.js:103:17)
    at doWrite (/Users/sherifelawady/.cache/firebase/tools/lib/node_modules/winston-transport/node_modules/readable-stream/lib/_stream_writable.js:390:139)
[error] 
[error] Error: An unexpected error has occurred.
[debug] [2026-09-17T21:24:02.103Z] Error: write EPIPE
    at afterWriteDispatched (node:internal/stream_base_commons:161:15)
    at writeGeneric (node:internal/stream_base_commons:152:3)
    at Socket._writeGeneric (node:net:958:11)
    at Socket._write (node:net:970:8)
    at writeOrBuffer (node:internal/streams/writable:572:12)
    at _write (node:internal/streams/writable:501:10)
    at Writable.write (node:internal/streams/writable:510:10)
    at Console.log (/Users/sherifelawady/.cache/firebase/tools/lib/node_modules/winston/lib/winston/transports/console.js:87:23)
    at Console._write (/Users/sherifelawady/.cache/firebase/tools/lib/node_modules/winston-transport/modern.js:103:17)
    at doWrite (/Users/sherifelawady/.cache/firebase/tools/lib/node_modules/winston-transport/node_modules/readable-stream/lib/_stream_writable.js:390:139)
[error] 
[error] Error: An unexpected error has occurred.
[debug] [2026-09-17T21:24:02.103Z] Error: write EPIPE
    at afterWriteDispatched (node:internal/stream_base_commons:161:15)
    at writeGeneric (node:internal/stream_base_commons:152:3)
    at Socket._writeGeneric (node:net:958:11)
    at Socket._write (node:net:970:8)
    at writeOrBuffer (node:internal/streams/writable:572:12)
    at _write (node:internal/streams/writable:501:10)
    at Writable.write (node:internal/streams/writable:510:10)
    at Console.log (/Users/sherifelawady/.cache/firebase/tools/lib/node_modules/winston/lib/winston/transports/console.js:87:23)
    at Console._write (/Users/sherifelawady/.cache/firebase/tools/lib/node_modules/winston-transport/modern.js:103:17)
    at doWrite (/Users/sherifelawady/.cache/firebase/tools/lib/node_modules/winston-transport/node_modules/readable-stream/lib/_stream_writable.js:390:139)
[error] 
[error] Error: An unexpected error has occurred.
[debug] [2026-09-17T21:24:02.103Z] Error: write EPIPE
    at afterWriteDispatched (node:internal/stream_base_commons:161:15)
    at writeGeneric (node:internal/stream_base_commons:152:3)
    at Socket._writeGeneric (node:net:958:11)
    at Socket._write (node:net:970:8)
    at writeOrBuffer (node:internal/streams/writable:572:12)
    at _write (node:internal/streams/writable:501:10)
    at Writable.write (node:internal/streams/writable:510:10)
    at Console.log (/Users/sherifelawady/.cache/firebase/tools/lib/node_modules/winston/lib/winston/transports/console.js:87:23)
    at Console._write (/Users/sherifelawady/.cache/firebase/tools/lib/node_modules/winston-transport/modern.js:103:17)
    at doWrite (/Users/sherifelawady/.cache/firebase/tools/lib/node_modules/winston-transport/node_modules/readable-stream/lib/_stream_writable.js:390:139)
[error] 
[error] Error: An unexpected error has occurred.
[debug] [2026-09-17T21:24:02.103Z] Error: write EPIPE
    at afterWriteDispatched (node:internal/stream_base_commons:161:15)
    at writeGeneric (node:internal/stream_base_commons:152:3)
    at Socket._writeGeneric (node:net:958:11)
    at Socket._write (node:net:970:8)
    at writeOrBuffer (node:internal/streams/writable:572:12)
    at _write (node:internal/streams/writable:501:10)
    at Writable.write (node:internal/streams/writable:510:10)
    at Console.log (/Users/sherifelawady/.cache/firebase/tools/lib/node_modules/winston/lib/winston/transports/console.js:87:23)
    at Console._write (/Users/sherifelawady/.cache/firebase/tools/lib/node_modules/winston-transport/modern.js:103:17)
    at doWrite (/Users/sherifelawady/.cache/firebase/tools/lib/node_modules/winston-transport/node_modules/readable-stream/lib/_stream_writable.js:390:139)
[error] 
[error] Error: An unexpected error has occurred.
[debug] [2026-09-17T21:24:02.103Z] Error: write EPIPE
    at afterWriteDispatched (node:internal/stream_base_commons:161:15)
    at writeGeneric (node:internal/stream_base_commons:152:3)
    at Socket._writeGeneric (node:net:958:11)
    at Socket._write (node:net:970:8)
    at writeOrBuffer (node:internal/streams/writable:572:12)
    at _write (node:internal/streams/writable:501:10)
    at Writable.write (node:internal/streams/writable:510:10)
    at Console.log (/Users/sherifelawady/.cache/firebase/tools/lib/node_modules/winston/lib/winston/transports/console.js:87:23)
    at Console._write (/Users/sherifelawady/.cache/firebase/tools/lib/node_modules/winston-transport/modern.js:103:17)
    at doWrite (/Users/sherifelawady/.cache/firebase/tools/lib/node_modules/winston-transport/node_modules/readable-stream/lib/_stream_writable.js:390:139)
[error] 
[error] Error: An unexpected error has occurred.
[debug] [2026-09-17T21:24:02.104Z] Error: write EPIPE
    at afterWriteDispatched (node:internal/stream_base_commons:161:15)
    at writeGeneric (node:internal/stream_base_commons:152:3)
    at Socket._writeGeneric (node:net:958:11)
    at Socket._write (node:net:970:8)
    at writeOrBuffer (node:internal/streams/writable:572:12)
    at _write (node:internal/streams/writable:501:10)
    at Writable.write (node:internal/streams/writable:510:10)
    at Console.log (/Users/sherifelawady/.cache/firebase/tools/lib/node_modules/winston/lib/winston/transports/console.js:87:23)
    at Console._write (/Users/sherifelawady/.cache/firebase/tools/lib/node_modules/winston-transport/modern.js:103:17)
    at doWrite (/Users/sherifelawady/.cache/firebase/tools/lib/node_modules/winston-transport/node_modules/readable-stream/lib/_stream_writable.js:390:139)
[error] 
[error] Error: An unexpected error has occurred.
[debug] [2026-09-17T21:24:02.104Z] Error: write EPIPE
    at afterWriteDispatched (node:internal/stream_base_commons:161:15)
    at writeGeneric (node:internal/stream_base_commons:152:3)
    at Socket._writeGeneric (node:net:958:11)
    at Socket._write (node:net:970:8)
    at writeOrBuffer (node:internal/streams/writable:572:12)
    at _write (node:internal/streams/writable:501:10)
    at Writable.write (node:internal/streams/writable:510:10)
    at Console.log (/Users/sherifelawady/.cache/firebase/tools/lib/node_modules/winston/lib/winston/transports/console.js:87:23)
    at Console._write (/Users/sherifelawady/.cache/firebase/tools/lib/node_modules/winston-transport/modern.js:103:17)
    at doWrite (/Users/sherifelawady/.cache/firebase/tools/lib/node_modules/winston-transport/node_modules/readable-stream/lib/_stream_writable.js:390:139)
[error] 
[error] Error: An unexpected error has occurred.
[debug] [2026-09-17T21:24:02.104Z] Error: write EPIPE
    at afterWriteDispatched (node:internal/stream_base_commons:161:15)
    at writeGeneric (node:internal/stream_base_commons:152:3)
    at Socket._writeGeneric (node:net:958:11)
    at Socket._write (node:net:970:8)
    at writeOrBuffer (node:internal/streams/writable:572:12)
    at _write (node:internal/streams/writable:501:10)
    at Writable.write (node:internal/streams/writable:510:10)
    at Console.log (/Users/sherifelawady/.cache/firebase/tools/lib/node_modules/winston/lib/winston/transports/console.js:87:23)
    at Console._write (/Users/sherifelawady/.cache/firebase/tools/lib/node_modules/winston-transport/modern.js:103:17)
    at doWrite (/Users/sherifelawady/.cache/firebase/tools/lib/node_modules/winston-transport/node_modules/readable-stream/lib/_stream_writable.js:390:139)
[error] 
[error] Error: An unexpected error has occurred.
[debug] [2026-09-17T21:24:02.104Z] Error: write EPIPE
    at afterWriteDispatched (node:internal/stream_base_commons:161:15)
    at writeGeneric (node:internal/stream_base_commons:152:3)
    at Socket._writeGeneric (node:net:958:11)
    at Socket._write (node:net:970:8)
    at writeOrBuffer (node:internal/streams/writable:572:12)
    at _write (node:internal/streams/writable:501:10)
    at Writable.write (node:internal/streams/writable:510:10)
    at Console.log (/Users/sherifelawady/.cache/firebase/tools/lib/node_modules/winston/lib/winston/transports/console.js:87:23)
    at Console._write (/Users/sherifelawady/.cache/firebase/tools/lib/node_modules/winston-transport/modern.js:103:17)
    at doWrite (/Users/sherifelawady/.cache/firebase/tools/lib/node_modules/winston-transport/node_modules/readable-stream/lib/_stream_writable.js:390:139)
[error] 
[error] Error: An unexpected error has occurred.
[debug] [2026-09-17T21:24:02.104Z] Error: write EPIPE
    at afterWriteDispatched (node:internal/stream_base_commons:161:15)
    at writeGeneric (node:internal/stream_base_commons:152:3)
    at Socket._writeGeneric (node:net:958:11)
    at Socket._write (node:net:970:8)
    at writeOrBuffer (node:internal/streams/writable:572:12)
    at _write (node:internal/streams/writable:501:10)
    at Writable.write (node:internal/streams/writable:510:10)
    at Console.log (/Users/sherifelawady/.cache/firebase/tools/lib/node_modules/winston/lib/winston/transports/console.js:87:23)
    at Console._write (/Users/sherifelawady/.cache/firebase/tools/lib/node_modules/winston-transport/modern.js:103:17)
    at doWrite (/Users/sherifelawady/.cache/firebase/tools/lib/node_modules/winston-transport/node_modules/readable-stream/lib/_stream_writable.js:390:139)
[error] 
[error] Error: An unexpected error has occurred.
[debug] [2026-09-17T21:24:02.105Z] Error: write EPIPE
    at afterWriteDispatched (node:internal/stream_base_commons:161:15)
    at writeGeneric (node:internal/stream_base_commons:152:3)
    at Socket._writeGeneric (node:net:958:11)
    at Socket._write (node:net:970:8)
    at writeOrBuffer (node:internal/streams/writable:572:12)
    at _write (node:internal/streams/writable:501:10)
    at Writable.write (node:internal/streams/writable:510:10)
    at Console.log (/Users/sherifelawady/.cache/firebase/tools/lib/node_modules/winston/lib/winston/transports/console.js:87:23)
    at Console._write (/Users/sherifelawady/.cache/firebase/tools/lib/node_modules/winston-transport/modern.js:103:17)
    at doWrite (/Users/sherifelawady/.cache/firebase/tools/lib/node_modules/winston-transport/node_modules/readable-stream/lib/_stream_writable.js:390:139)
[error] 
[error] Error: An unexpected error has occurred.
[debug] [2026-09-17T21:24:02.105Z] Error: write EPIPE
    at afterWriteDispatched (node:internal/stream_base_commons:161:15)
    at writeGeneric (node:internal/stream_base_commons:152:3)
    at Socket._writeGeneric (node:net:958:11)
    at Socket._write (node:net:970:8)
    at writeOrBuffer (node:internal/streams/writable:572:12)
    at _write (node:internal/streams/writable:501:10)
    at Writable.write (node:internal/streams/writable:510:10)
    at Console.log (/Users/sherifelawady/.cache/firebase/tools/lib/node_modules/winston/lib/winston/transports/console.js:87:23)
    at Console._write (/Users/sherifelawady/.cache/firebase/tools/lib/node_modules/winston-transport/modern.js:103:17)
    at doWrite (/Users/sherifelawady/.cache/firebase/tools/lib/node_modules/winston-transport/node_modules/readable-stream/lib/_stream_writable.js:390:139)
[error] 
[error] Error: An unexpected error has occurred.
[debug] [2026-09-17T21:24:02.106Z] Error: write EPIPE
    at afterWriteDispatched (node:internal/stream_base_commons:161:15)
    at writeGeneric (node:internal/stream_base_commons:152:3)
    at Socket._writeGeneric (node:net:958:11)
    at Socket._write (node:net:970:8)
    at writeOrBuffer (node:internal/streams/writable:572:12)
    at _write (node:internal/streams/writable:501:10)
    at Writable.write (node:internal/streams/writable:510:10)
    at Console.log (/Users/sherifelawady/.cache/firebase/tools/lib/node_modules/winston/lib/winston/transports/console.js:87:23)
    at Console._write (/Users/sherifelawady/.cache/firebase/tools/lib/node_modules/winston-transport/modern.js:103:17)
    at doWrite (/Users/sherifelawady/.cache/firebase/tools/lib/node_modules/winston-transport/node_modules/readable-stream/lib/_stream_writable.js:390:139)
[error] 
[error] Error: An unexpected error has occurred.
[debug] [2026-09-17T21:24:02.106Z] Error: write EPIPE
    at afterWriteDispatched (node:internal/stream_base_commons:161:15)
    at writeGeneric (node:internal/stream_base_commons:152:3)
    at Socket._writeGeneric (node:net:958:11)
    at Socket._write (node:net:970:8)
    at writeOrBuffer (node:internal/streams/writable:572:12)
    at _write (node:internal/streams/writable:501:10)
    at Writable.write (node:internal/streams/writable:510:10)
    at Console.log (/Users/sherifelawady/.cache/firebase/tools/lib/node_modules/winston/lib/winston/transports/console.js:87:23)
    at Console._write (/Users/sherifelawady/.cache/firebase/tools/lib/node_modules/winston-transport/modern.js:103:17)
    at doWrite (/Users/sherifelawady/.cache/firebase/tools/lib/node_modules/winston-transport/node_modules/readable-stream/lib/_stream_writable.js:390:139)
[error] 
[error] Error: An unexpected error has occurred.
[debug] [2026-09-17T21:24:02.106Z] Error: write EPIPE
    at afterWriteDispatched (node:internal/stream_base_commons:161:15)
    at writeGeneric (node:internal/stream_base_commons:152:3)
    at Socket._writeGeneric (node:net:958:11)
    at Socket._write (node:net:970:8)
    at writeOrBuffer (node:internal/streams/writable:572:12)
    at _write (node:internal/streams/writable:501:10)
    at Writable.write (node:internal/streams/writable:510:10)
    at Console.log (/Users/sherifelawady/.cache/firebase/tools/lib/node_modules/winston/lib/winston/transports/console.js:87:23)
    at Console._write (/Users/sherifelawady/.cache/firebase/tools/lib/node_modules/winston-transport/modern.js:103:17)
    at doWrite (/Users/sherifelawady/.cache/firebase/tools/lib/node_modules/winston-transport/node_modules/readable-stream/lib/_stream_writable.js:390:139)
[error] 
[error] Error: An unexpected error has occurred.
[debug] [2026-09-17T21:24:02.106Z] Error: write EPIPE
    at afterWriteDispatched (node:internal/stream_base_commons:161:15)
    at writeGeneric (node:internal/stream_base_commons:152:3)
    at Socket._writeGeneric (node:net:958:11)
    at Socket._write (node:net:970:8)
    at writeOrBuffer (node:internal/streams/writable:572:12)
    at _write (node:internal/streams/writable:501:10)
    at Writable.write (node:internal/streams/writable:510:10)
    at Console.log (/Users/sherifelawady/.cache/firebase/tools/lib/node_modules/winston/lib/winston/transports/console.js:87:23)
    at Console._write (/Users/sherifelawady/.cache/firebase/tools/lib/node_modules/winston-transport/modern.js:103:17)
    at doWrite (/Users/sherifelawady/.cache/firebase/tools/lib/node_modules/winston-transport/node_modules/readable-stream/lib/_stream_writable.js:390:139)
[error] 
[error] Error: An unexpected error has occurred.
[debug] [2026-09-17T21:24:02.108Z] Error: write EPIPE
    at afterWriteDispatched (node:internal/stream_base_commons:161:15)
    at writeGeneric (node:internal/stream_base_commons:152:3)
    at Socket._writeGeneric (node:net:958:11)
    at Socket._write (node:net:970:8)
    at writeOrBuffer (node:internal/streams/writable:572:12)
    at _write (node:internal/streams/writable:501:10)
    at Writable.write (node:internal/streams/writable:510:10)
    at Console.log (/Users/sherifelawady/.cache/firebase/tools/lib/node_modules/winston/lib/winston/transports/console.js:87:23)
    at Console._write (/Users/sherifelawady/.cache/firebase/tools/lib/node_modules/winston-transport/modern.js:103:17)
    at doWrite (/Users/sherifelawady/.cache/firebase/tools/lib/node_modules/winston-transport/node_modules/readable-stream/lib/_stream_writable.js:390:139)
[error] 
[error] Error: An unexpected error has occurred.
[debug] [2026-09-17T21:24:02.115Z] Error: write EPIPE
    at afterWriteDispatched (node:internal/stream_base_commons:161:15)
    at writeGeneric (node:internal/stream_base_commons:152:3)
    at Socket._writeGeneric (node:net:958:11)
    at Socket._write (node:net:970:8)
    at writeOrBuffer (node:internal/streams/writable:572:12)
    at _write (node:internal/streams/writable:501:10)
    at Writable.write (node:internal/streams/writable:510:10)
    at Console.log (/Users/sherifelawady/.cache/firebase/tools/lib/node_modules/winston/lib/winston/transports/console.js:87:23)
    at Console._write (/Users/sherifelawady/.cache/firebase/tools/lib/node_modules/winston-transport/modern.js:103:17)
    at doWrite (/Users/sherifelawady/.cache/firebase/tools/lib/node_modules/winston-transport/node_modules/readable-stream/lib/_stream_writable.js:390:139)
[error] 
[error] Error: An unexpected error has occurred.
[debug] [2026-09-17T21:24:02.117Z] Error: write EPIPE
    at afterWriteDispatched (node:internal/stream_base_commons:161:15)
    at writeGeneric (node:internal/stream_base_commons:152:3)
    at Socket._writeGeneric (node:net:958:11)
    at Socket._write (node:net:970:8)
    at writeOrBuffer (node:internal/streams/writable:572:12)
    at _write (node:internal/streams/writable:501:10)
    at Writable.write (node:internal/streams/writable:510:10)
    at Console.log (/Users/sherifelawady/.cache/firebase/tools/lib/node_modules/winston/lib/winston/transports/console.js:87:23)
    at Console._write (/Users/sherifelawady/.cache/firebase/tools/lib/node_modules/winston-transport/modern.js:103:17)
    at doWrite (/Users/sherifelawady/.cache/firebase/tools/lib/node_modules/winston-transport/node_modules/readable-stream/lib/_stream_writable.js:390:139)
[error] 
[error] Error: An unexpected error has occurred.
[debug] [2026-09-17T21:24:02.117Z] Error: write EPIPE
    at afterWriteDispatched (node:internal/stream_base_commons:161:15)
    at writeGeneric (node:internal/stream_base_commons:152:3)
    at Socket._writeGeneric (node:net:958:11)
    at Socket._write (node:net:970:8)
    at writeOrBuffer (node:internal/streams/writable:572:12)
    at _write (node:internal/streams/writable:501:10)
    at Writable.write (node:internal/streams/writable:510:10)
    at Console.log (/Users/sherifelawady/.cache/firebase/tools/lib/node_modules/winston/lib/winston/transports/console.js:87:23)
    at Console._write (/Users/sherifelawady/.cache/firebase/tools/lib/node_modules/winston-transport/modern.js:103:17)
    at doWrite (/Users/sherifelawady/.cache/firebase/tools/lib/node_modules/winston-transport/node_modules/readable-stream/lib/_stream_writable.js:390:139)
[error] 
[error] Error: An unexpected error has occurred.
[debug] [2026-09-17T21:24:02.118Z] Error: write EPIPE
    at afterWriteDispatched (node:internal/stream_base_commons:161:15)
    at writeGeneric (node:internal/stream_base_commons:152:3)
    at Socket._writeGeneric (node:net:958:11)
    at Socket._write (node:net:970:8)
    at writeOrBuffer (node:internal/streams/writable:572:12)
    at _write (node:internal/streams/writable:501:10)
    at Writable.write (node:internal/streams/writable:510:10)
    at Console.log (/Users/sherifelawady/.cache/firebase/tools/lib/node_modules/winston/lib/winston/transports/console.js:87:23)
    at Console._write (/Users/sherifelawady/.cache/firebase/tools/lib/node_modules/winston-transport/modern.js:103:17)
    at doWrite (/Users/sherifelawady/.cache/firebase/tools/lib/node_modules/winston-transport/node_modules/readable-stream/lib/_stream_writable.js:390:139)
[error] 
[error] Error: An unexpected error has occurred.
[debug] [2026-09-17T21:24:02.118Z] Error: write EPIPE
    at afterWriteDispatched (node:internal/stream_base_commons:161:15)
    at writeGeneric (node:internal/stream_base_commons:152:3)
    at Socket._writeGeneric (node:net:958:11)
    at Socket._write (node:net:970:8)
    at writeOrBuffer (node:internal/streams/writable:572:12)
    at _write (node:internal/streams/writable:501:10)
    at Writable.write (node:internal/streams/writable:510:10)
    at Console.log (/Users/sherifelawady/.cache/firebase/tools/lib/node_modules/winston/lib/winston/transports/console.js:87:23)
    at Console._write (/Users/sherifelawady/.cache/firebase/tools/lib/node_modules/winston-transport/modern.js:103:17)
    at doWrite (/Users/sherifelawady/.cache/firebase/tools/lib/node_modules/winston-transport/node_modules/readable-stream/lib/_stream_writable.js:390:139)
[error] 
[error] Error: An unexpected error has occurred.
[debug] [2026-09-17T21:24:02.118Z] Error: write EPIPE
    at afterWriteDispatched (node:internal/stream_base_commons:161:15)
    at writeGeneric (node:internal/stream_base_commons:152:3)
    at Socket._writeGeneric (node:net:958:11)
    at Socket._write (node:net:970:8)
    at writeOrBuffer (node:internal/streams/writable:572:12)
    at _write (node:internal/streams/writable:501:10)
    at Writable.write (node:internal/streams/writable:510:10)
    at Console.log (/Users/sherifelawady/.cache/firebase/tools/lib/node_modules/winston/lib/winston/transports/console.js:87:23)
    at Console._write (/Users/sherifelawady/.cache/firebase/tools/lib/node_modules/winston-transport/modern.js:103:17)
    at doWrite (/Users/sherifelawady/.cache/firebase/tools/lib/node_modules/winston-transport/node_modules/readable-stream/lib/_stream_writable.js:390:139)
[error] 
[error] Error: An unexpected error has occurred.
[debug] [2026-09-17T21:24:02.119Z] Error: write EPIPE
    at afterWriteDispatched (node:internal/stream_base_commons:161:15)
    at writeGeneric (node:internal/stream_base_commons:152:3)
    at Socket._writeGeneric (node:net:958:11)
    at Socket._write (node:net:970:8)
    at writeOrBuffer (node:internal/streams/writable:572:12)
    at _write (node:internal/streams/writable:501:10)
    at Writable.write (node:internal/streams/writable:510:10)
    at Console.log (/Users/sherifelawady/.cache/firebase/tools/lib/node_modules/winston/lib/winston/transports/console.js:87:23)
    at Console._write (/Users/sherifelawady/.cache/firebase/tools/lib/node_modules/winston-transport/modern.js:103:17)
    at doWrite (/Users/sherifelawady/.cache/firebase/tools/lib/node_modules/winston-transport/node_modules/readable-stream/lib/_stream_writable.js:390:139)
[error] 
[error] Error: An unexpected error has occurred.
[debug] [2026-09-17T21:24:02.125Z] Error: write EPIPE
    at afterWriteDispatched (node:internal/stream_base_commons:161:15)
    at writeGeneric (node:internal/stream_base_commons:152:3)
    at Socket._writeGeneric (node:net:958:11)
    at Socket._write (node:net:970:8)
    at writeOrBuffer (node:internal/streams/writable:572:12)
    at _write (node:internal/streams/writable:501:10)
    at Writable.write (node:internal/streams/writable:510:10)
    at Console.log (/Users/sherifelawady/.cache/firebase/tools/lib/node_modules/winston/lib/winston/transports/console.js:87:23)
    at Console._write (/Users/sherifelawady/.cache/firebase/tools/lib/node_modules/winston-transport/modern.js:103:17)
    at doWrite (/Users/sherifelawady/.cache/firebase/tools/lib/node_modules/winston-transport/node_modules/readable-stream/lib/_stream_writable.js:390:139)
[error] 
[error] Error: An unexpected error has occurred.
[debug] [2026-09-17T21:24:02.126Z] Error: write EPIPE
    at afterWriteDispatched (node:internal/stream_base_commons:161:15)
    at writeGeneric (node:internal/stream_base_commons:152:3)
    at Socket._writeGeneric (node:net:958:11)
    at Socket._write (node:net:970:8)
    at writeOrBuffer (node:internal/streams/writable:572:12)
    at _write (node:internal/streams/writable:501:10)
    at Writable.write (node:internal/streams/writable:510:10)
    at Console.log (/Users/sherifelawady/.cache/firebase/tools/lib/node_modules/winston/lib/winston/transports/console.js:87:23)
    at Console._write (/Users/sherifelawady/.cache/firebase/tools/lib/node_modules/winston-transport/modern.js:103:17)
    at doWrite (/Users/sherifelawady/.cache/firebase/tools/lib/node_modules/winston-transport/node_modules/readable-stream/lib/_stream_writable.js:390:139)
[error] 
[error] Error: An unexpected error has occurred.
[debug] [2026-09-17T21:24:02.128Z] Error: write EPIPE
    at afterWriteDispatched (node:internal/stream_base_commons:161:15)
    at writeGeneric (node:internal/stream_base_commons:152:3)
    at Socket._writeGeneric (node:net:958:11)
    at Socket._write (node:net:970:8)
    at writeOrBuffer (node:internal/streams/writable:572:12)
    at _write (node:internal/streams/writable:501:10)
    at Writable.write (node:internal/streams/writable:510:10)
    at Console.log (/Users/sherifelawady/.cache/firebase/tools/lib/node_modules/winston/lib/winston/transports/console.js:87:23)
    at Console._write (/Users/sherifelawady/.cache/firebase/tools/lib/node_modules/winston-transport/modern.js:103:17)
    at doWrite (/Users/sherifelawady/.cache/firebase/tools/lib/node_modules/winston-transport/node_modules/readable-stream/lib/_stream_writable.js:390:139)
[error] 
[error] Error: An unexpected error has occurred.
[debug] [2026-09-17T21:24:02.128Z] Error: write EPIPE
    at afterWriteDispatched (node:internal/stream_base_commons:161:15)
    at writeGeneric (node:internal/stream_base_commons:152:3)
    at Socket._writeGeneric (node:net:958:11)
    at Socket._write (node:net:970:8)
    at writeOrBuffer (node:internal/streams/writable:572:12)
    at _write (node:internal/streams/writable:501:10)
    at Writable.write (node:internal/streams/writable:510:10)
    at Console.log (/Users/sherifelawady/.cache/firebase/tools/lib/node_modules/winston/lib/winston/transports/console.js:87:23)
    at Console._write (/Users/sherifelawady/.cache/firebase/tools/lib/node_modules/winston-transport/modern.js:103:17)
    at doWrite (/Users/sherifelawady/.cache/firebase/tools/lib/node_modules/winston-transport/node_modules/readable-stream/lib/_stream_writable.js:390:139)
[error] 
[error] Error: An unexpected error has occurred.
[debug] [2026-09-17T21:24:02.128Z] Error: write EPIPE
    at afterWriteDispatched (node:internal/stream_base_commons:161:15)
    at writeGeneric (node:internal/stream_base_commons:152:3)
    at Socket._writeGeneric (node:net:958:11)
    at Socket._write (node:net:970:8)
    at writeOrBuffer (node:internal/streams/writable:572:12)
    at _write (node:internal/streams/writable:501:10)
    at Writable.write (node:internal/streams/writable:510:10)
    at Console.log (/Users/sherifelawady/.cache/firebase/tools/lib/node_modules/winston/lib/winston/transports/console.js:87:23)
    at Console._write (/Users/sherifelawady/.cache/firebase/tools/lib/node_modules/winston-transport/modern.js:103:17)
    at doWrite (/Users/sherifelawady/.cache/firebase/tools/lib/node_modules/winston-transport/node_modules/readable-stream/lib/_stream_writable.js:390:139)
[error] 
[error] Error: An unexpected error has occurred.
[debug] [2026-09-17T21:24:02.129Z] Error: write EPIPE
    at afterWriteDispatched (node:internal/stream_base_commons:161:15)
    at writeGeneric (node:internal/stream_base_commons:152:3)
    at Socket._writeGeneric (node:net:958:11)
    at Socket._write (node:net:970:8)
    at writeOrBuffer (node:internal/streams/writable:572:12)
    at _write (node:internal/streams/writable:501:10)
    at Writable.write (node:internal/streams/writable:510:10)
    at Console.log (/Users/sherifelawady/.cache/firebase/tools/lib/node_modules/winston/lib/winston/transports/console.js:87:23)
    at Console._write (/Users/sherifelawady/.cache/firebase/tools/lib/node_modules/winston-transport/modern.js:103:17)
    at doWrite (/Users/sherifelawady/.cache/firebase/tools/lib/node_modules/winston-transport/node_modules/readable-stream/lib/_stream_writable.js:390:139)
[error] 
[error] Error: An unexpected error has occurred.
[debug] [2026-09-17T21:24:02.129Z] Error: write EPIPE
    at afterWriteDispatched (node:internal/stream_base_commons:161:15)
    at writeGeneric (node:internal/stream_base_commons:152:3)
    at Socket._writeGeneric (node:net:958:11)
    at Socket._write (node:net:970:8)
    at writeOrBuffer (node:internal/streams/writable:572:12)
    at _write (node:internal/streams/writable:501:10)
    at Writable.write (node:internal/streams/writable:510:10)
    at Console.log (/Users/sherifelawady/.cache/firebase/tools/lib/node_modules/winston/lib/winston/transports/console.js:87:23)
    at Console._write (/Users/sherifelawady/.cache/firebase/tools/lib/node_modules/winston-transport/modern.js:103:17)
    at doWrite (/Users/sherifelawady/.cache/firebase/tools/lib/node_modules/winston-transport/node_modules/readable-stream/lib/_stream_writable.js:390:139)
[error] 
[error] Error: An unexpected error has occurred.
[debug] [2026-09-17T21:24:02.129Z] Error: write EPIPE
    at afterWriteDispatched (node:internal/stream_base_commons:161:15)
    at writeGeneric (node:internal/stream_base_commons:152:3)
    at Socket._writeGeneric (node:net:958:11)
    at Socket._write (node:net:970:8)
    at writeOrBuffer (node:internal/streams/writable:572:12)
    at _write (node:internal/streams/writable:501:10)
    at Writable.write (node:internal/streams/writable:510:10)
    at Console.log (/Users/sherifelawady/.cache/firebase/tools/lib/node_modules/winston/lib/winston/transports/console.js:87:23)
    at Console._write (/Users/sherifelawady/.cache/firebase/tools/lib/node_modules/winston-transport/modern.js:103:17)
    at doWrite (/Users/sherifelawady/.cache/firebase/tools/lib/node_modules/winston-transport/node_modules/readable-stream/lib/_stream_writable.js:390:139)
[error] 
[error] Error: An unexpected error has occurred.
[debug] [2026-09-17T21:24:02.129Z] Error: write EPIPE
    at afterWriteDispatched (node:internal/stream_base_commons:161:15)
    at writeGeneric (node:internal/stream_base_commons:152:3)
    at Socket._writeGeneric (node:net:958:11)
    at Socket._write (node:net:970:8)
    at writeOrBuffer (node:internal/streams/writable:572:12)
    at _write (node:internal/streams/writable:501:10)
    at Writable.write (node:internal/streams/writable:510:10)
    at Console.log (/Users/sherifelawady/.cache/firebase/tools/lib/node_modules/winston/lib/winston/transports/console.js:87:23)
    at Console._write (/Users/sherifelawady/.cache/firebase/tools/lib/node_modules/winston-transport/modern.js:103:17)
    at doWrite (/Users/sherifelawady/.cache/firebase/tools/lib/node_modules/winston-transport/node_modules/readable-stream/lib/_stream_writable.js:390:139)
[error] 
[error] Error: An unexpected error has occurred.
[debug] [2026-09-17T21:24:02.129Z] Error: write EPIPE
    at afterWriteDispatched (node:internal/stream_base_commons:161:15)
    at writeGeneric (node:internal/stream_base_commons:152:3)
    at Socket._writeGeneric (node:net:958:11)
    at Socket._write (node:net:970:8)
    at writeOrBuffer (node:internal/streams/writable:572:12)
    at _write (node:internal/streams/writable:501:10)
    at Writable.write (node:internal/streams/writable:510:10)
    at Console.log (/Users/sherifelawady/.cache/firebase/tools/lib/node_modules/winston/lib/winston/transports/console.js:87:23)
    at Console._write (/Users/sherifelawady/.cache/firebase/tools/lib/node_modules/winston-transport/modern.js:103:17)
    at doWrite (/Users/sherifelawady/.cache/firebase/tools/lib/node_modules/winston-transport/node_modules/readable-stream/lib/_stream_writable.js:390:139)
[error] 
[error] Error: An unexpected error has occurred.
[debug] [2026-09-17T21:24:02.130Z] Error: write EPIPE
    at afterWriteDispatched (node:internal/stream_base_commons:161:15)
    at writeGeneric (node:internal/stream_base_commons:152:3)
    at Socket._writeGeneric (node:net:958:11)
    at Socket._write (node:net:970:8)
    at writeOrBuffer (node:internal/streams/writable:572:12)
    at _write (node:internal/streams/writable:501:10)
    at Writable.write (node:internal/streams/writable:510:10)
    at Console.log (/Users/sherifelawady/.cache/firebase/tools/lib/node_modules/winston/lib/winston/transports/console.js:87:23)
    at Console._write (/Users/sherifelawady/.cache/firebase/tools/lib/node_modules/winston-transport/modern.js:103:17)
    at doWrite (/Users/sherifelawady/.cache/firebase/tools/lib/node_modules/winston-transport/node_modules/readable-stream/lib/_stream_writable.js:390:139)
[error] 
[error] Error: An unexpected error has occurred.
[debug] [2026-09-17T21:24:02.130Z] Error: write EPIPE
    at afterWriteDispatched (node:internal/stream_base_commons:161:15)
    at writeGeneric (node:internal/stream_base_commons:152:3)
    at Socket._writeGeneric (node:net:958:11)
    at Socket._write (node:net:970:8)
    at writeOrBuffer (node:internal/streams/writable:572:12)
    at _write (node:internal/streams/writable:501:10)
    at Writable.write (node:internal/streams/writable:510:10)
    at Console.log (/Users/sherifelawady/.cache/firebase/tools/lib/node_modules/winston/lib/winston/transports/console.js:87:23)
    at Console._write (/Users/sherifelawady/.cache/firebase/tools/lib/node_modules/winston-transport/modern.js:103:17)
    at doWrite (/Users/sherifelawady/.cache/firebase/tools/lib/node_modules/winston-transport/node_modules/readable-stream/lib/_stream_writable.js:390:139)
[error] 
[error] Error: An unexpected error has occurred.
[debug] [2026-09-17T21:24:02.130Z] Error: write EPIPE
    at afterWriteDispatched (node:internal/stream_base_commons:161:15)
    at writeGeneric (node:internal/stream_base_commons:152:3)
    at Socket._writeGeneric (node:net:958:11)
    at Socket._write (node:net:970:8)
    at writeOrBuffer (node:internal/streams/writable:572:12)
    at _write (node:internal/streams/writable:501:10)
    at Writable.write (node:internal/streams/writable:510:10)
    at Console.log (/Users/sherifelawady/.cache/firebase/tools/lib/node_modules/winston/lib/winston/transports/console.js:87:23)
    at Console._write (/Users/sherifelawady/.cache/firebase/tools/lib/node_modules/winston-transport/modern.js:103:17)
    at doWrite (/Users/sherifelawady/.cache/firebase/tools/lib/node_modules/winston-transport/node_modules/readable-stream/lib/_stream_writable.js:390:139)
[error] 
[error] Error: An unexpected error has occurred.
[debug] [2026-09-17T21:24:02.130Z] Error: write EPIPE
    at afterWriteDispatched (node:internal/stream_base_commons:161:15)
    at writeGeneric (node:internal/stream_base_commons:152:3)
    at Socket._writeGeneric (node:net:958:11)
    at Socket._write (node:net:970:8)
    at writeOrBuffer (node:internal/streams/writable:572:12)
    at _write (node:internal/streams/writable:501:10)
    at Writable.write (node:internal/streams/writable:510:10)
    at Console.log (/Users/sherifelawady/.cache/firebase/tools/lib/node_modules/winston/lib/winston/transports/console.js:87:23)
    at Console._write (/Users/sherifelawady/.cache/firebase/tools/lib/node_modules/winston-transport/modern.js:103:17)
    at doWrite (/Users/sherifelawady/.cache/firebase/tools/lib/node_modules/winston-transport/node_modules/readable-stream/lib/_stream_writable.js:390:139)
[error] 
[error] Error: An unexpected error has occurred.
[debug] [2026-09-17T21:24:02.130Z] Error: write EPIPE
    at afterWriteDispatched (node:internal/stream_base_commons:161:15)
    at writeGeneric (node:internal/stream_base_commons:152:3)
    at Socket._writeGeneric (node:net:958:11)
    at Socket._write (node:net:970:8)
    at writeOrBuffer (node:internal/streams/writable:572:12)
    at _write (node:internal/streams/writable:501:10)
    at Writable.write (node:internal/streams/writable:510:10)
    at Console.log (/Users/sherifelawady/.cache/firebase/tools/lib/node_modules/winston/lib/winston/transports/console.js:87:23)
    at Console._write (/Users/sherifelawady/.cache/firebase/tools/lib/node_modules/winston-transport/modern.js:103:17)
    at doWrite (/Users/sherifelawady/.cache/firebase/tools/lib/node_modules/winston-transport/node_modules/readable-stream/lib/_stream_writable.js:390:139)
[error] 
[error] Error: An unexpected error has occurred.
[debug] [2026-09-17T21:24:02.130Z] Error: write EPIPE
    at afterWriteDispatched (node:internal/stream_base_commons:161:15)
    at writeGeneric (node:internal/stream_base_commons:152:3)
    at Socket._writeGeneric (node:net:958:11)
    at Socket._write (node:net:970:8)
    at writeOrBuffer (node:internal/streams/writable:572:12)
    at _write (node:internal/streams/writable:501:10)
    at Writable.write (node:internal/streams/writable:510:10)
    at Console.log (/Users/sherifelawady/.cache/firebase/tools/lib/node_modules/winston/lib/winston/transports/console.js:87:23)
    at Console._write (/Users/sherifelawady/.cache/firebase/tools/lib/node_modules/winston-transport/modern.js:103:17)
    at doWrite (/Users/sherifelawady/.cache/firebase/tools/lib/node_modules/winston-transport/node_modules/readable-stream/lib/_stream_writable.js:390:139)
[error] 
[error] Error: An unexpected error has occurred.
[debug] [2026-09-17T21:24:02.130Z] Error: write EPIPE
    at afterWriteDispatched (node:internal/stream_base_commons:161:15)
    at writeGeneric (node:internal/stream_base_commons:152:3)
    at Socket._writeGeneric (node:net:958:11)
    at Socket._write (node:net:970:8)
    at writeOrBuffer (node:internal/streams/writable:572:12)
    at _write (node:internal/streams/writable:501:10)
    at Writable.write (node:internal/streams/writable:510:10)
    at Console.log (/Users/sherifelawady/.cache/firebase/tools/lib/node_modules/winston/lib/winston/transports/console.js:87:23)
    at Console._write (/Users/sherifelawady/.cache/firebase/tools/lib/node_modules/winston-transport/modern.js:103:17)
    at doWrite (/Users/sherifelawady/.cache/firebase/tools/lib/node_modules/winston-transport/node_modules/readable-stream/lib/_stream_writable.js:390:139)
[error] 
[error] Error: An unexpected error has occurred.
[debug] [2026-09-17T21:24:02.131Z] Error: write EPIPE
    at afterWriteDispatched (node:internal/stream_base_commons:161:15)
    at writeGeneric (node:internal/stream_base_commons:152:3)
    at Socket._writeGeneric (node:net:958:11)
    at Socket._write (node:net:970:8)
    at writeOrBuffer (node:internal/streams/writable:572:12)
    at _write (node:internal/streams/writable:501:10)
    at Writable.write (node:internal/streams/writable:510:10)
    at Console.log (/Users/sherifelawady/.cache/firebase/tools/lib/node_modules/winston/lib/winston/transports/console.js:87:23)
    at Console._write (/Users/sherifelawady/.cache/firebase/tools/lib/node_modules/winston-transport/modern.js:103:17)
    at doWrite (/Users/sherifelawady/.cache/firebase/tools/lib/node_modules/winston-transport/node_modules/readable-stream/lib/_stream_writable.js:390:139)
[error] 
[error] Error: An unexpected error has occurred.
[debug] [2026-09-17T21:24:02.132Z] Error: write EPIPE
    at afterWriteDispatched (node:internal/stream_base_commons:161:15)
    at writeGeneric (node:internal/stream_base_commons:152:3)
    at Socket._writeGeneric (node:net:958:11)
    at Socket._write (node:net:970:8)
    at writeOrBuffer (node:internal/streams/writable:572:12)
    at _write (node:internal/streams/writable:501:10)
    at Writable.write (node:internal/streams/writable:510:10)
    at Console.log (/Users/sherifelawady/.cache/firebase/tools/lib/node_modules/winston/lib/winston/transports/console.js:87:23)
    at Console._write (/Users/sherifelawady/.cache/firebase/tools/lib/node_modules/winston-transport/modern.js:103:17)
    at doWrite (/Users/sherifelawady/.cache/firebase/tools/lib/node_modules/winston-transport/node_modules/readable-stream/lib/_stream_writable.js:390:139)
[error] 
[error] Error: An unexpected error has occurred.
[debug] [2026-09-17T21:24:02.132Z] Error: write EPIPE
    at afterWriteDispatched (node:internal/stream_base_commons:161:15)
    at writeGeneric (node:internal/stream_base_commons:152:3)
    at Socket._writeGeneric (node:net:958:11)
    at Socket._write (node:net:970:8)
    at writeOrBuffer (node:internal/streams/writable:572:12)
    at _write (node:internal/streams/writable:501:10)
    at Writable.write (node:internal/streams/writable:510:10)
    at Console.log (/Users/sherifelawady/.cache/firebase/tools/lib/node_modules/winston/lib/winston/transports/console.js:87:23)
    at Console._write (/Users/sherifelawady/.cache/firebase/tools/lib/node_modules/winston-transport/modern.js:103:17)
    at doWrite (/Users/sherifelawady/.cache/firebase/tools/lib/node_modules/winston-transport/node_modules/readable-stream/lib/_stream_writable.js:390:139)
[error] 
[error] Error: An unexpected error has occurred.
[debug] [2026-09-17T21:24:02.132Z] Error: write EPIPE
    at afterWriteDispatched (node:internal/stream_base_commons:161:15)
    at writeGeneric (node:internal/stream_base_commons:152:3)
    at Socket._writeGeneric (node:net:958:11)
    at Socket._write (node:net:970:8)
    at writeOrBuffer (node:internal/streams/writable:572:12)
    at _write (node:internal/streams/writable:501:10)
    at Writable.write (node:internal/streams/writable:510:10)
    at Console.log (/Users/sherifelawady/.cache/firebase/tools/lib/node_modules/winston/lib/winston/transports/console.js:87:23)
    at Console._write (/Users/sherifelawady/.cache/firebase/tools/lib/node_modules/winston-transport/modern.js:103:17)
    at doWrite (/Users/sherifelawady/.cache/firebase/tools/lib/node_modules/winston-transport/node_modules/readable-stream/lib/_stream_writable.js:390:139)
[error] 
[error] Error: An unexpected error has occurred.
[debug] [2026-09-17T21:24:02.132Z] Error: write EPIPE
    at afterWriteDispatched (node:internal/stream_base_commons:161:15)
    at writeGeneric (node:internal/stream_base_commons:152:3)
    at Socket._writeGeneric (node:net:958:11)
    at Socket._write (node:net:970:8)
    at writeOrBuffer (node:internal/streams/writable:572:12)
    at _write (node:internal/streams/writable:501:10)
    at Writable.write (node:internal/streams/writable:510:10)
    at Console.log (/Users/sherifelawady/.cache/firebase/tools/lib/node_modules/winston/lib/winston/transports/console.js:87:23)
    at Console._write (/Users/sherifelawady/.cache/firebase/tools/lib/node_modules/winston-transport/modern.js:103:17)
    at doWrite (/Users/sherifelawady/.cache/firebase/tools/lib/node_modules/winston-transport/node_modules/readable-stream/lib/_stream_writable.js:390:139)
[error] 
[error] Error: An unexpected error has occurred.
[debug] [2026-09-17T21:24:02.133Z] Error: write EPIPE
    at afterWriteDispatched (node:internal/stream_base_commons:161:15)
    at writeGeneric (node:internal/stream_base_commons:152:3)
    at Socket._writeGeneric (node:net:958:11)
    at Socket._write (node:net:970:8)
    at writeOrBuffer (node:internal/streams/writable:572:12)
    at _write (node:internal/streams/writable:501:10)
    at Writable.write (node:internal/streams/writable:510:10)
    at Console.log (/Users/sherifelawady/.cache/firebase/tools/lib/node_modules/winston/lib/winston/transports/console.js:87:23)
    at Console._write (/Users/sherifelawady/.cache/firebase/tools/lib/node_modules/winston-transport/modern.js:103:17)
    at doWrite (/Users/sherifelawady/.cache/firebase/tools/lib/node_modules/winston-transport/node_modules/readable-stream/lib/_stream_writable.js:390:139)
[error] 
[error] Error: An unexpected error has occurred.
[debug] [2026-09-17T21:24:02.133Z] Error: write EPIPE
    at afterWriteDispatched (node:internal/stream_base_commons:161:15)
    at writeGeneric (node:internal/stream_base_commons:152:3)
    at Socket._writeGeneric (node:net:958:11)
    at Socket._write (node:net:970:8)
    at writeOrBuffer (node:internal/streams/writable:572:12)
    at _write (node:internal/streams/writable:501:10)
    at Writable.write (node:internal/streams/writable:510:10)
    at Console.log (/Users/sherifelawady/.cache/firebase/tools/lib/node_modules/winston/lib/winston/transports/console.js:87:23)
    at Console._write (/Users/sherifelawady/.cache/firebase/tools/lib/node_modules/winston-transport/modern.js:103:17)
    at doWrite (/Users/sherifelawady/.cache/firebase/tools/lib/node_modules/winston-transport/node_modules/readable-stream/lib/_stream_writable.js:390:139)
[error] 
[error] Error: An unexpected error has occurred.
[debug] [2026-09-17T21:24:02.133Z] Error: write EPIPE
    at afterWriteDispatched (node:internal/stream_base_commons:161:15)
    at writeGeneric (node:internal/stream_base_commons:152:3)
    at Socket._writeGeneric (node:net:958:11)
    at Socket._write (node:net:970:8)
    at writeOrBuffer (node:internal/streams/writable:572:12)
    at _write (node:internal/streams/writable:501:10)
    at Writable.write (node:internal/streams/writable:510:10)
    at Console.log (/Users/sherifelawady/.cache/firebase/tools/lib/node_modules/winston/lib/winston/transports/console.js:87:23)
    at Console._write (/Users/sherifelawady/.cache/firebase/tools/lib/node_modules/winston-transport/modern.js:103:17)
    at doWrite (/Users/sherifelawady/.cache/firebase/tools/lib/node_modules/winston-transport/node_modules/readable-stream/lib/_stream_writable.js:390:139)
[error] 
[error] Error: An unexpected error has occurred.
[debug] [2026-09-17T21:24:02.133Z] Error: write EPIPE
    at afterWriteDispatched (node:internal/stream_base_commons:161:15)
    at writeGeneric (node:internal/stream_base_commons:152:3)
    at Socket._writeGeneric (node:net:958:11)
    at Socket._write (node:net:970:8)
    at writeOrBuffer (node:internal/streams/writable:572:12)
    at _write (node:internal/streams/writable:501:10)
    at Writable.write (node:internal/streams/writable:510:10)
    at Console.log (/Users/sherifelawady/.cache/firebase/tools/lib/node_modules/winston/lib/winston/transports/console.js:87:23)
    at Console._write (/Users/sherifelawady/.cache/firebase/tools/lib/node_modules/winston-transport/modern.js:103:17)
    at doWrite (/Users/sherifelawady/.cache/firebase/tools/lib/node_modules/winston-transport/node_modules/readable-stream/lib/_stream_writable.js:390:139)
[error] 
[error] Error: An unexpected error has occurred.
[debug] [2026-09-17T21:24:02.133Z] Error: write EPIPE
    at afterWriteDispatched (node:internal/stream_base_commons:161:15)
    at writeGeneric (node:internal/stream_base_commons:152:3)
    at Socket._writeGeneric (node:net:958:11)
    at Socket._write (node:net:970:8)
    at writeOrBuffer (node:internal/streams/writable:572:12)
    at _write (node:internal/streams/writable:501:10)
    at Writable.write (node:internal/streams/writable:510:10)
    at Console.log (/Users/sherifelawady/.cache/firebase/tools/lib/node_modules/winston/lib/winston/transports/console.js:87:23)
    at Console._write (/Users/sherifelawady/.cache/firebase/tools/lib/node_modules/winston-transport/modern.js:103:17)
    at doWrite (/Users/sherifelawady/.cache/firebase/tools/lib/node_modules/winston-transport/node_modules/readable-stream/lib/_stream_writable.js:390:139)
[error] 
[error] Error: An unexpected error has occurred.
[debug] [2026-09-17T21:24:02.134Z] Error: write EPIPE
    at afterWriteDispatched (node:internal/stream_base_commons:161:15)
    at writeGeneric (node:internal/stream_base_commons:152:3)
    at Socket._writeGeneric (node:net:958:11)
    at Socket._write (node:net:970:8)
    at writeOrBuffer (node:internal/streams/writable:572:12)
    at _write (node:internal/streams/writable:501:10)
    at Writable.write (node:internal/streams/writable:510:10)
    at Console.log (/Users/sherifelawady/.cache/firebase/tools/lib/node_modules/winston/lib/winston/transports/console.js:87:23)
    at Console._write (/Users/sherifelawady/.cache/firebase/tools/lib/node_modules/winston-transport/modern.js:103:17)
    at doWrite (/Users/sherifelawady/.cache/firebase/tools/lib/node_modules/winston-transport/node_modules/readable-stream/lib/_stream_writable.js:390:139)
[error] 
[error] Error: An unexpected error has occurred.
[debug] [2026-09-17T21:24:02.134Z] Error: write EPIPE
    at afterWriteDispatched (node:internal/stream_base_commons:161:15)
    at writeGeneric (node:internal/stream_base_commons:152:3)
    at Socket._writeGeneric (node:net:958:11)
    at Socket._write (node:net:970:8)
    at writeOrBuffer (node:internal/streams/writable:572:12)
    at _write (node:internal/streams/writable:501:10)
    at Writable.write (node:internal/streams/writable:510:10)
    at Console.log (/Users/sherifelawady/.cache/firebase/tools/lib/node_modules/winston/lib/winston/transports/console.js:87:23)
    at Console._write (/Users/sherifelawady/.cache/firebase/tools/lib/node_modules/winston-transport/modern.js:103:17)
    at doWrite (/Users/sherifelawady/.cache/firebase/tools/lib/node_modules/winston-transport/node_modules/readable-stream/lib/_stream_writable.js:390:139)
[error] 
[error] Error: An unexpected error has occurred.
[debug] [2026-09-17T21:24:02.134Z] Error: write EPIPE
    at afterWriteDispatched (node:internal/stream_base_commons:161:15)
    at writeGeneric (node:internal/stream_base_commons:152:3)
    at Socket._writeGeneric (node:net:958:11)
    at Socket._write (node:net:970:8)
    at writeOrBuffer (node:internal/streams/writable:572:12)
    at _write (node:internal/streams/writable:501:10)
    at Writable.write (node:internal/streams/writable:510:10)
    at Console.log (/Users/sherifelawady/.cache/firebase/tools/lib/node_modules/winston/lib/winston/transports/console.js:87:23)
    at Console._write (/Users/sherifelawady/.cache/firebase/tools/lib/node_modules/winston-transport/modern.js:103:17)
    at doWrite (/Users/sherifelawady/.cache/firebase/tools/lib/node_modules/winston-transport/node_modules/readable-stream/lib/_stream_writable.js:390:139)
[error] 
[error] Error: An unexpected error has occurred.
[debug] [2026-09-17T21:24:02.134Z] Error: write EPIPE
    at afterWriteDispatched (node:internal/stream_base_commons:161:15)
    at writeGeneric (node:internal/stream_base_commons:152:3)
    at Socket._writeGeneric (node:net:958:11)
    at Socket._write (node:net:970:8)
    at writeOrBuffer (node:internal/streams/writable:572:12)
    at _write (node:internal/streams/writable:501:10)
    at Writable.write (node:internal/streams/writable:510:10)
    at Console.log (/Users/sherifelawady/.cache/firebase/tools/lib/node_modules/winston/lib/winston/transports/console.js:87:23)
    at Console._write (/Users/sherifelawady/.cache/firebase/tools/lib/node_modules/winston-transport/modern.js:103:17)
    at doWrite (/Users/sherifelawady/.cache/firebase/tools/lib/node_modules/winston-transport/node_modules/readable-stream/lib/_stream_writable.js:390:139)
[error] 
[error] Error: An unexpected error has occurred.
[debug] [2026-09-17T21:24:02.134Z] Error: write EPIPE
    at afterWriteDispatched (node:internal/stream_base_commons:161:15)
    at writeGeneric (node:internal/stream_base_commons:152:3)
    at Socket._writeGeneric (node:net:958:11)
    at Socket._write (node:net:970:8)
    at writeOrBuffer (node:internal/streams/writable:572:12)
    at _write (node:internal/streams/writable:501:10)
    at Writable.write (node:internal/streams/writable:510:10)
    at Console.log (/Users/sherifelawady/.cache/firebase/tools/lib/node_modules/winston/lib/winston/transports/console.js:87:23)
    at Console._write (/Users/sherifelawady/.cache/firebase/tools/lib/node_modules/winston-transport/modern.js:103:17)
    at doWrite (/Users/sherifelawady/.cache/firebase/tools/lib/node_modules/winston-transport/node_modules/readable-stream/lib/_stream_writable.js:390:139)
[error] 
[error] Error: An unexpected error has occurred.
[debug] [2026-09-17T21:24:02.134Z] Error: write EPIPE
    at afterWriteDispatched (node:internal/stream_base_commons:161:15)
    at writeGeneric (node:internal/stream_base_commons:152:3)
    at Socket._writeGeneric (node:net:958:11)
    at Socket._write (node:net:970:8)
    at writeOrBuffer (node:internal/streams/writable:572:12)
    at _write (node:internal/streams/writable:501:10)
    at Writable.write (node:internal/streams/writable:510:10)
    at Console.log (/Users/sherifelawady/.cache/firebase/tools/lib/node_modules/winston/lib/winston/transports/console.js:87:23)
    at Console._write (/Users/sherifelawady/.cache/firebase/tools/lib/node_modules/winston-transport/modern.js:103:17)
    at doWrite (/Users/sherifelawady/.cache/firebase/tools/lib/node_modules/winston-transport/node_modules/readable-stream/lib/_stream_writable.js:390:139)
[error] 
[error] Error: An unexpected error has occurred.
[debug] [2026-09-17T21:24:02.134Z] Error: write EPIPE
    at afterWriteDispatched (node:internal/stream_base_commons:161:15)
    at writeGeneric (node:internal/stream_base_commons:152:3)
    at Socket._writeGeneric (node:net:958:11)
    at Socket._write (node:net:970:8)
    at writeOrBuffer (node:internal/streams/writable:572:12)
    at _write (node:internal/streams/writable:501:10)
    at Writable.write (node:internal/streams/writable:510:10)
    at Console.log (/Users/sherifelawady/.cache/firebase/tools/lib/node_modules/winston/lib/winston/transports/console.js:87:23)
    at Console._write (/Users/sherifelawady/.cache/firebase/tools/lib/node_modules/winston-transport/modern.js:103:17)
    at doWrite (/Users/sherifelawady/.cache/firebase/tools/lib/node_modules/winston-transport/node_modules/readable-stream/lib/_stream_writable.js:390:139)
[error] 
[error] Error: An unexpected error has occurred.
[debug] [2026-09-17T21:24:02.135Z] Error: write EPIPE
    at afterWriteDispatched (node:internal/stream_base_commons:161:15)
    at writeGeneric (node:internal/stream_base_commons:152:3)
    at Socket._writeGeneric (node:net:958:11)
    at Socket._write (node:net:970:8)
    at writeOrBuffer (node:internal/streams/writable:572:12)
    at _write (node:internal/streams/writable:501:10)
    at Writable.write (node:internal/streams/writable:510:10)
    at Console.log (/Users/sherifelawady/.cache/firebase/tools/lib/node_modules/winston/lib/winston/transports/console.js:87:23)
    at Console._write (/Users/sherifelawady/.cache/firebase/tools/lib/node_modules/winston-transport/modern.js:103:17)
    at doWrite (/Users/sherifelawady/.cache/firebase/tools/lib/node_modules/winston-transport/node_modules/readable-stream/lib/_stream_writable.js:390:139)
[error] 
[error] Error: An unexpected error has occurred.
[debug] [2026-09-17T21:24:02.135Z] Error: write EPIPE
    at afterWriteDispatched (node:internal/stream_base_commons:161:15)
    at writeGeneric (node:internal/stream_base_commons:152:3)
    at Socket._writeGeneric (node:net:958:11)
    at Socket._write (node:net:970:8)
    at writeOrBuffer (node:internal/streams/writable:572:12)
    at _write (node:internal/streams/writable:501:10)
    at Writable.write (node:internal/streams/writable:510:10)
    at Console.log (/Users/sherifelawady/.cache/firebase/tools/lib/node_modules/winston/lib/winston/transports/console.js:87:23)
    at Console._write (/Users/sherifelawady/.cache/firebase/tools/lib/node_modules/winston-transport/modern.js:103:17)
    at doWrite (/Users/sherifelawady/.cache/firebase/tools/lib/node_modules/winston-transport/node_modules/readable-stream/lib/_stream_writable.js:390:139)
[error] 
[error] Error: An unexpected error has occurred.
[debug] [2026-09-17T21:24:02.135Z] Error: write EPIPE
    at afterWriteDispatched (node:internal/stream_base_commons:161:15)
    at writeGeneric (node:internal/stream_base_commons:152:3)
    at Socket._writeGeneric (node:net:958:11)
    at Socket._write (node:net:970:8)
    at writeOrBuffer (node:internal/streams/writable:572:12)
    at _write (node:internal/streams/writable:501:10)
    at Writable.write (node:internal/streams/writable:510:10)
    at Console.log (/Users/sherifelawady/.cache/firebase/tools/lib/node_modules/winston/lib/winston/transports/console.js:87:23)
    at Console._write (/Users/sherifelawady/.cache/firebase/tools/lib/node_modules/winston-transport/modern.js:103:17)
    at doWrite (/Users/sherifelawady/.cache/firebase/tools/lib/node_modules/winston-transport/node_modules/readable-stream/lib/_stream_writable.js:390:139)
[error] 
[error] Error: An unexpected error has occurred.
[debug] [2026-09-17T21:24:02.136Z] Error: write EPIPE
    at afterWriteDispatched (node:internal/stream_base_commons:161:15)
    at writeGeneric (node:internal/stream_base_commons:152:3)
    at Socket._writeGeneric (node:net:958:11)
    at Socket._write (node:net:970:8)
    at writeOrBuffer (node:internal/streams/writable:572:12)
    at _write (node:internal/streams/writable:501:10)
    at Writable.write (node:internal/streams/writable:510:10)
    at Console.log (/Users/sherifelawady/.cache/firebase/tools/lib/node_modules/winston/lib/winston/transports/console.js:87:23)
    at Console._write (/Users/sherifelawady/.cache/firebase/tools/lib/node_modules/winston-transport/modern.js:103:17)
    at doWrite (/Users/sherifelawady/.cache/firebase/tools/lib/node_modules/winston-transport/node_modules/readable-stream/lib/_stream_writable.js:390:139)
[error] 
[error] Error: An unexpected error has occurred.
[debug] [2026-09-17T21:24:02.136Z] Error: write EPIPE
    at afterWriteDispatched (node:internal/stream_base_commons:161:15)
    at writeGeneric (node:internal/stream_base_commons:152:3)
    at Socket._writeGeneric (node:net:958:11)
    at Socket._write (node:net:970:8)
    at writeOrBuffer (node:internal/streams/writable:572:12)
    at _write (node:internal/streams/writable:501:10)
    at Writable.write (node:internal/streams/writable:510:10)
    at Console.log (/Users/sherifelawady/.cache/firebase/tools/lib/node_modules/winston/lib/winston/transports/console.js:87:23)
    at Console._write (/Users/sherifelawady/.cache/firebase/tools/lib/node_modules/winston-transport/modern.js:103:17)
    at doWrite (/Users/sherifelawady/.cache/firebase/tools/lib/node_modules/winston-transport/node_modules/readable-stream/lib/_stream_writable.js:390:139)
[error] 
[error] Error: An unexpected error has occurred.
[debug] [2026-09-17T21:24:02.136Z] Error: write EPIPE
    at afterWriteDispatched (node:internal/stream_base_commons:161:15)
    at writeGeneric (node:internal/stream_base_commons:152:3)
    at Socket._writeGeneric (node:net:958:11)
    at Socket._write (node:net:970:8)
    at writeOrBuffer (node:internal/streams/writable:572:12)
    at _write (node:internal/streams/writable:501:10)
    at Writable.write (node:internal/streams/writable:510:10)
    at Console.log (/Users/sherifelawady/.cache/firebase/tools/lib/node_modules/winston/lib/winston/transports/console.js:87:23)
    at Console._write (/Users/sherifelawady/.cache/firebase/tools/lib/node_modules/winston-transport/modern.js:103:17)
    at doWrite (/Users/sherifelawady/.cache/firebase/tools/lib/node_modules/winston-transport/node_modules/readable-stream/lib/_stream_writable.js:390:139)
[error] 
[error] Error: An unexpected error has occurred.
[debug] [2026-09-17T21:24:02.136Z] Error: write EPIPE
    at afterWriteDispatched (node:internal/stream_base_commons:161:15)
    at writeGeneric (node:internal/stream_base_commons:152:3)
    at Socket._writeGeneric (node:net:958:11)
    at Socket._write (node:net:970:8)
    at writeOrBuffer (node:internal/streams/writable:572:12)
    at _write (node:internal/streams/writable:501:10)
    at Writable.write (node:internal/streams/writable:510:10)
    at Console.log (/Users/sherifelawady/.cache/firebase/tools/lib/node_modules/winston/lib/winston/transports/console.js:87:23)
    at Console._write (/Users/sherifelawady/.cache/firebase/tools/lib/node_modules/winston-transport/modern.js:103:17)
    at doWrite (/Users/sherifelawady/.cache/firebase/tools/lib/node_modules/winston-transport/node_modules/readable-stream/lib/_stream_writable.js:390:139)
[error] 
[error] Error: An unexpected error has occurred.
[debug] [2026-09-17T21:24:02.136Z] Error: write EPIPE
    at afterWriteDispatched (node:internal/stream_base_commons:161:15)
    at writeGeneric (node:internal/stream_base_commons:152:3)
    at Socket._writeGeneric (node:net:958:11)
    at Socket._write (node:net:970:8)
    at writeOrBuffer (node:internal/streams/writable:572:12)
    at _write (node:internal/streams/writable:501:10)
    at Writable.write (node:internal/streams/writable:510:10)
    at Console.log (/Users/sherifelawady/.cache/firebase/tools/lib/node_modules/winston/lib/winston/transports/console.js:87:23)
    at Console._write (/Users/sherifelawady/.cache/firebase/tools/lib/node_modules/winston-transport/modern.js:103:17)
    at doWrite (/Users/sherifelawady/.cache/firebase/tools/lib/node_modules/winston-transport/node_modules/readable-stream/lib/_stream_writable.js:390:139)
[error] 
[error] Error: An unexpected error has occurred.
[debug] [2026-09-17T21:24:02.137Z] Error: write EPIPE
    at afterWriteDispatched (node:internal/stream_base_commons:161:15)
    at writeGeneric (node:internal/stream_base_commons:152:3)
    at Socket._writeGeneric (node:net:958:11)
    at Socket._write (node:net:970:8)
    at writeOrBuffer (node:internal/streams/writable:572:12)
    at _write (node:internal/streams/writable:501:10)
    at Writable.write (node:internal/streams/writable:510:10)
    at Console.log (/Users/sherifelawady/.cache/firebase/tools/lib/node_modules/winston/lib/winston/transports/console.js:87:23)
    at Console._write (/Users/sherifelawady/.cache/firebase/tools/lib/node_modules/winston-transport/modern.js:103:17)
    at doWrite (/Users/sherifelawady/.cache/firebase/tools/lib/node_modules/winston-transport/node_modules/readable-stream/lib/_stream_writable.js:390:139)
[error] 
[error] Error: An unexpected error has occurred.
[debug] [2026-09-17T21:24:02.137Z] Error: write EPIPE
    at afterWriteDispatched (node:internal/stream_base_commons:161:15)
    at writeGeneric (node:internal/stream_base_commons:152:3)
    at Socket._writeGeneric (node:net:958:11)
    at Socket._write (node:net:970:8)
    at writeOrBuffer (node:internal/streams/writable:572:12)
    at _write (node:internal/streams/writable:501:10)
    at Writable.write (node:internal/streams/writable:510:10)
    at Console.log (/Users/sherifelawady/.cache/firebase/tools/lib/node_modules/winston/lib/winston/transports/console.js:87:23)
    at Console._write (/Users/sherifelawady/.cache/firebase/tools/lib/node_modules/winston-transport/modern.js:103:17)
    at doWrite (/Users/sherifelawady/.cache/firebase/tools/lib/node_modules/winston-transport/node_modules/readable-stream/lib/_stream_writable.js:390:139)
[error] 
[error] Error: An unexpected error has occurred.
[debug] [2026-09-17T21:24:02.138Z] Error: write EPIPE
    at afterWriteDispatched (node:internal/stream_base_commons:161:15)
    at writeGeneric (node:internal/stream_base_commons:152:3)
    at Socket._writeGeneric (node:net:958:11)
    at Socket._write (node:net:970:8)
    at writeOrBuffer (node:internal/streams/writable:572:12)
    at _write (node:internal/streams/writable:501:10)
    at Writable.write (node:internal/streams/writable:510:10)
    at Console.log (/Users/sherifelawady/.cache/firebase/tools/lib/node_modules/winston/lib/winston/transports/console.js:87:23)
    at Console._write (/Users/sherifelawady/.cache/firebase/tools/lib/node_modules/winston-transport/modern.js:103:17)
    at doWrite (/Users/sherifelawady/.cache/firebase/tools/lib/node_modules/winston-transport/node_modules/readable-stream/lib/_stream_writable.js:390:139)
[error] 
[error] Error: An unexpected error has occurred.
[debug] [2026-09-17T21:24:02.139Z] Error: write EPIPE
    at afterWriteDispatched (node:internal/stream_base_commons:161:15)
    at writeGeneric (node:internal/stream_base_commons:152:3)
    at Socket._writeGeneric (node:net:958:11)
    at Socket._write (node:net:970:8)
    at writeOrBuffer (node:internal/streams/writable:572:12)
    at _write (node:internal/streams/writable:501:10)
    at Writable.write (node:internal/streams/writable:510:10)
    at Console.log (/Users/sherifelawady/.cache/firebase/tools/lib/node_modules/winston/lib/winston/transports/console.js:87:23)
    at Console._write (/Users/sherifelawady/.cache/firebase/tools/lib/node_modules/winston-transport/modern.js:103:17)
    at doWrite (/Users/sherifelawady/.cache/firebase/tools/lib/node_modules/winston-transport/node_modules/readable-stream/lib/_stream_writable.js:390:139)
[error] 
[error] Error: An unexpected error has occurred.
[debug] [2026-09-17T21:24:02.140Z] Error: write EPIPE
    at afterWriteDispatched (node:internal/stream_base_commons:161:15)
    at writeGeneric (node:internal/stream_base_commons:152:3)
    at Socket._writeGeneric (node:net:958:11)
    at Socket._write (node:net:970:8)
    at writeOrBuffer (node:internal/streams/writable:572:12)
    at _write (node:internal/streams/writable:501:10)
    at Writable.write (node:internal/streams/writable:510:10)
    at Console.log (/Users/sherifelawady/.cache/firebase/tools/lib/node_modules/winston/lib/winston/transports/console.js:87:23)
    at Console._write (/Users/sherifelawady/.cache/firebase/tools/lib/node_modules/winston-transport/modern.js:103:17)
    at doWrite (/Users/sherifelawady/.cache/firebase/tools/lib/node_modules/winston-transport/node_modules/readable-stream/lib/_stream_writable.js:390:139)
[error] 
[error] Error: An unexpected error has occurred.
[debug] [2026-09-17T21:24:02.140Z] Error: write EPIPE
    at afterWriteDispatched (node:internal/stream_base_commons:161:15)
    at writeGeneric (node:internal/stream_base_commons:152:3)
    at Socket._writeGeneric (node:net:958:11)
    at Socket._write (node:net:970:8)
    at writeOrBuffer (node:internal/streams/writable:572:12)
    at _write (node:internal/streams/writable:501:10)
    at Writable.write (node:internal/streams/writable:510:10)
    at Console.log (/Users/sherifelawady/.cache/firebase/tools/lib/node_modules/winston/lib/winston/transports/console.js:87:23)
    at Console._write (/Users/sherifelawady/.cache/firebase/tools/lib/node_modules/winston-transport/modern.js:103:17)
    at doWrite (/Users/sherifelawady/.cache/firebase/tools/lib/node_modules/winston-transport/node_modules/readable-stream/lib/_stream_writable.js:390:139)
[error] 
[error] Error: An unexpected error has occurred.
[debug] [2026-09-17T21:24:02.140Z] Error: write EPIPE
    at afterWriteDispatched (node:internal/stream_base_commons:161:15)
    at writeGeneric (node:internal/stream_base_commons:152:3)
    at Socket._writeGeneric (node:net:958:11)
    at Socket._write (node:net:970:8)
    at writeOrBuffer (node:internal/streams/writable:572:12)
    at _write (node:internal/streams/writable:501:10)
    at Writable.write (node:internal/streams/writable:510:10)
    at Console.log (/Users/sherifelawady/.cache/firebase/tools/lib/node_modules/winston/lib/winston/transports/console.js:87:23)
    at Console._write (/Users/sherifelawady/.cache/firebase/tools/lib/node_modules/winston-transport/modern.js:103:17)
    at doWrite (/Users/sherifelawady/.cache/firebase/tools/lib/node_modules/winston-transport/node_modules/readable-stream/lib/_stream_writable.js:390:139)
[error] 
[error] Error: An unexpected error has occurred.
[debug] [2026-09-17T21:24:02.141Z] Error: write EPIPE
    at afterWriteDispatched (node:internal/stream_base_commons:161:15)
    at writeGeneric (node:internal/stream_base_commons:152:3)
    at Socket._writeGeneric (node:net:958:11)
    at Socket._write (node:net:970:8)
    at writeOrBuffer (node:internal/streams/writable:572:12)
    at _write (node:internal/streams/writable:501:10)
    at Writable.write (node:internal/streams/writable:510:10)
    at Console.log (/Users/sherifelawady/.cache/firebase/tools/lib/node_modules/winston/lib/winston/transports/console.js:87:23)
    at Console._write (/Users/sherifelawady/.cache/firebase/tools/lib/node_modules/winston-transport/modern.js:103:17)
    at doWrite (/Users/sherifelawady/.cache/firebase/tools/lib/node_modules/winston-transport/node_modules/readable-stream/lib/_stream_writable.js:390:139)
[error] 
[error] Error: An unexpected error has occurred.
[debug] [2026-09-17T21:24:02.142Z] Error: write EPIPE
    at afterWriteDispatched (node:internal/stream_base_commons:161:15)
    at writeGeneric (node:internal/stream_base_commons:152:3)
    at Socket._writeGeneric (node:net:958:11)
    at Socket._write (node:net:970:8)
    at writeOrBuffer (node:internal/streams/writable:572:12)
    at _write (node:internal/streams/writable:501:10)
    at Writable.write (node:internal/streams/writable:510:10)
    at Console.log (/Users/sherifelawady/.cache/firebase/tools/lib/node_modules/winston/lib/winston/transports/console.js:87:23)
    at Console._write (/Users/sherifelawady/.cache/firebase/tools/lib/node_modules/winston-transport/modern.js:103:17)
    at doWrite (/Users/sherifelawady/.cache/firebase/tools/lib/node_modules/winston-transport/node_modules/readable-stream/lib/_stream_writable.js:390:139)
[error] 
[error] Error: An unexpected error has occurred.
[debug] [2026-09-17T21:24:02.142Z] Error: write EPIPE
    at afterWriteDispatched (node:internal/stream_base_commons:161:15)
    at writeGeneric (node:internal/stream_base_commons:152:3)
    at Socket._writeGeneric (node:net:958:11)
    at Socket._write (node:net:970:8)
    at writeOrBuffer (node:internal/streams/writable:572:12)
    at _write (node:internal/streams/writable:501:10)
    at Writable.write (node:internal/streams/writable:510:10)
    at Console.log (/Users/sherifelawady/.cache/firebase/tools/lib/node_modules/winston/lib/winston/transports/console.js:87:23)
    at Console._write (/Users/sherifelawady/.cache/firebase/tools/lib/node_modules/winston-transport/modern.js:103:17)
    at doWrite (/Users/sherifelawady/.cache/firebase/tools/lib/node_modules/winston-transport/node_modules/readable-stream/lib/_stream_writable.js:390:139)
[error] 
[error] Error: An unexpected error has occurred.
[debug] [2026-09-17T21:24:02.142Z] Error: write EPIPE
    at afterWriteDispatched (node:internal/stream_base_commons:161:15)
    at writeGeneric (node:internal/stream_base_commons:152:3)
    at Socket._writeGeneric (node:net:958:11)
    at Socket._write (node:net:970:8)
    at writeOrBuffer (node:internal/streams/writable:572:12)
    at _write (node:internal/streams/writable:501:10)
    at Writable.write (node:internal/streams/writable:510:10)
    at Console.log (/Users/sherifelawady/.cache/firebase/tools/lib/node_modules/winston/lib/winston/transports/console.js:87:23)
    at Console._write (/Users/sherifelawady/.cache/firebase/tools/lib/node_modules/winston-transport/modern.js:103:17)
    at doWrite (/Users/sherifelawady/.cache/firebase/tools/lib/node_modules/winston-transport/node_modules/readable-stream/lib/_stream_writable.js:390:139)
[error] 
[error] Error: An unexpected error has occurred.
[debug] [2026-09-17T21:24:02.143Z] Error: write EPIPE
    at afterWriteDispatched (node:internal/stream_base_commons:161:15)
    at writeGeneric (node:internal/stream_base_commons:152:3)
    at Socket._writeGeneric (node:net:958:11)
    at Socket._write (node:net:970:8)
    at writeOrBuffer (node:internal/streams/writable:572:12)
    at _write (node:internal/streams/writable:501:10)
    at Writable.write (node:internal/streams/writable:510:10)
    at Console.log (/Users/sherifelawady/.cache/firebase/tools/lib/node_modules/winston/lib/winston/transports/console.js:87:23)
    at Console._write (/Users/sherifelawady/.cache/firebase/tools/lib/node_modules/winston-transport/modern.js:103:17)
    at doWrite (/Users/sherifelawady/.cache/firebase/tools/lib/node_modules/winston-transport/node_modules/readable-stream/lib/_stream_writable.js:390:139)
[error] 
[error] Error: An unexpected error has occurred.
[debug] [2026-09-17T21:24:02.143Z] Error: write EPIPE
    at afterWriteDispatched (node:internal/stream_base_commons:161:15)
    at writeGeneric (node:internal/stream_base_commons:152:3)
    at Socket._writeGeneric (node:net:958:11)
    at Socket._write (node:net:970:8)
    at writeOrBuffer (node:internal/streams/writable:572:12)
    at _write (node:internal/streams/writable:501:10)
    at Writable.write (node:internal/streams/writable:510:10)
    at Console.log (/Users/sherifelawady/.cache/firebase/tools/lib/node_modules/winston/lib/winston/transports/console.js:87:23)
    at Console._write (/Users/sherifelawady/.cache/firebase/tools/lib/node_modules/winston-transport/modern.js:103:17)
    at doWrite (/Users/sherifelawady/.cache/firebase/tools/lib/node_modules/winston-transport/node_modules/readable-stream/lib/_stream_writable.js:390:139)
[error] 
[error] Error: An unexpected error has occurred.
[debug] [2026-09-17T21:24:02.170Z] Error: write EPIPE
    at afterWriteDispatched (node:internal/stream_base_commons:161:15)
    at writeGeneric (node:internal/stream_base_commons:152:3)
    at Socket._writeGeneric (node:net:958:11)
    at Socket._write (node:net:970:8)
    at writeOrBuffer (node:internal/streams/writable:572:12)
    at _write (node:internal/streams/writable:501:10)
    at Writable.write (node:internal/streams/writable:510:10)
    at Console.log (/Users/sherifelawady/.cache/firebase/tools/lib/node_modules/winston/lib/winston/transports/console.js:87:23)
    at Console._write (/Users/sherifelawady/.cache/firebase/tools/lib/node_modules/winston-transport/modern.js:103:17)
    at doWrite (/Users/sherifelawady/.cache/firebase/tools/lib/node_modules/winston-transport/node_modules/readable-stream/lib/_stream_writable.js:390:139)
[error] 
[error] Error: An unexpected error has occurred.
[debug] [2026-09-17T21:24:02.175Z] Error: write EPIPE
    at afterWriteDispatched (node:internal/stream_base_commons:161:15)
    at writeGeneric (node:internal/stream_base_commons:152:3)
    at Socket._writeGeneric (node:net:958:11)
    at Socket._write (node:net:970:8)
    at writeOrBuffer (node:internal/streams/writable:572:12)
    at _write (node:internal/streams/writable:501:10)
    at Writable.write (node:internal/streams/writable:510:10)
    at Console.log (/Users/sherifelawady/.cache/firebase/tools/lib/node_modules/winston/lib/winston/transports/console.js:87:23)
    at Console._write (/Users/sherifelawady/.cache/firebase/tools/lib/node_modules/winston-transport/modern.js:103:17)
    at doWrite (/Users/sherifelawady/.cache/firebase/tools/lib/node_modules/winston-transport/node_modules/readable-stream/lib/_stream_writable.js:390:139)
[error] 
[error] Error: An unexpected error has occurred.
[debug] [2026-09-17T21:24:02.182Z] Error: write EPIPE
    at afterWriteDispatched (node:internal/stream_base_commons:161:15)
    at writeGeneric (node:internal/stream_base_commons:152:3)
    at Socket._writeGeneric (node:net:958:11)
    at Socket._write (node:net:970:8)
    at writeOrBuffer (node:internal/streams/writable:572:12)
    at _write (node:internal/streams/writable:501:10)
    at Writable.write (node:internal/streams/writable:510:10)
    at Console.log (/Users/sherifelawady/.cache/firebase/tools/lib/node_modules/winston/lib/winston/transports/console.js:87:23)
    at Console._write (/Users/sherifelawady/.cache/firebase/tools/lib/node_modules/winston-transport/modern.js:103:17)
    at doWrite (/Users/sherifelawady/.cache/firebase/tools/lib/node_modules/winston-transport/node_modules/readable-stream/lib/_stream_writable.js:390:139)
[error] 
[error] Error: An unexpected error has occurred.
[debug] [2026-09-17T21:24:02.183Z] Error: write EPIPE
    at afterWriteDispatched (node:internal/stream_base_commons:161:15)
    at writeGeneric (node:internal/stream_base_commons:152:3)
    at Socket._writeGeneric (node:net:958:11)
    at Socket._write (node:net:970:8)
    at writeOrBuffer (node:internal/streams/writable:572:12)
    at _write (node:internal/streams/writable:501:10)
    at Writable.write (node:internal/streams/writable:510:10)
    at Console.log (/Users/sherifelawady/.cache/firebase/tools/lib/node_modules/winston/lib/winston/transports/console.js:87:23)
    at Console._write (/Users/sherifelawady/.cache/firebase/tools/lib/node_modules/winston-transport/modern.js:103:17)
    at doWrite (/Users/sherifelawady/.cache/firebase/tools/lib/node_modules/winston-transport/node_modules/readable-stream/lib/_stream_writable.js:390:139)
[error] 
[error] Error: An unexpected error has occurred.
[debug] [2026-09-17T21:24:02.183Z] Error: write EPIPE
    at afterWriteDispatched (node:internal/stream_base_commons:161:15)
    at writeGeneric (node:internal/stream_base_commons:152:3)
    at Socket._writeGeneric (node:net:958:11)
    at Socket._write (node:net:970:8)
    at writeOrBuffer (node:internal/streams/writable:572:12)
    at _write (node:internal/streams/writable:501:10)
    at Writable.write (node:internal/streams/writable:510:10)
    at Console.log (/Users/sherifelawady/.cache/firebase/tools/lib/node_modules/winston/lib/winston/transports/console.js:87:23)
    at Console._write (/Users/sherifelawady/.cache/firebase/tools/lib/node_modules/winston-transport/modern.js:103:17)
    at doWrite (/Users/sherifelawady/.cache/firebase/tools/lib/node_modules/winston-transport/node_modules/readable-stream/lib/_stream_writable.js:390:139)
[error] 
[error] Error: An unexpected error has occurred.
[debug] [2026-09-17T21:24:02.185Z] Error: write EPIPE
    at afterWriteDispatched (node:internal/stream_base_commons:161:15)
    at writeGeneric (node:internal/stream_base_commons:152:3)
    at Socket._writeGeneric (node:net:958:11)
    at Socket._write (node:net:970:8)
    at writeOrBuffer (node:internal/streams/writable:572:12)
    at _write (node:internal/streams/writable:501:10)
    at Writable.write (node:internal/streams/writable:510:10)
    at Console.log (/Users/sherifelawady/.cache/firebase/tools/lib/node_modules/winston/lib/winston/transports/console.js:87:23)
    at Console._write (/Users/sherifelawady/.cache/firebase/tools/lib/node_modules/winston-transport/modern.js:103:17)
    at doWrite (/Users/sherifelawady/.cache/firebase/tools/lib/node_modules/winston-transport/node_modules/readable-stream/lib/_stream_writable.js:390:139)
[error] 
[error] Error: An unexpected error has occurred.
[debug] [2026-09-17T21:24:02.186Z] Error: write EPIPE
    at afterWriteDispatched (node:internal/stream_base_commons:161:15)
    at writeGeneric (node:internal/stream_base_commons:152:3)
    at Socket._writeGeneric (node:net:958:11)
    at Socket._write (node:net:970:8)
    at writeOrBuffer (node:internal/streams/writable:572:12)
    at _write (node:internal/streams/writable:501:10)
    at Writable.write (node:internal/streams/writable:510:10)
    at Console.log (/Users/sherifelawady/.cache/firebase/tools/lib/node_modules/winston/lib/winston/transports/console.js:87:23)
    at Console._write (/Users/sherifelawady/.cache/firebase/tools/lib/node_modules/winston-transport/modern.js:103:17)
    at doWrite (/Users/sherifelawady/.cache/firebase/tools/lib/node_modules/winston-transport/node_modules/readable-stream/lib/_stream_writable.js:390:139)
[error] 
[error] Error: An unexpected error has occurred.
[debug] [2026-09-17T21:24:02.186Z] Error: write EPIPE
    at afterWriteDispatched (node:internal/stream_base_commons:161:15)
    at writeGeneric (node:internal/stream_base_commons:152:3)
    at Socket._writeGeneric (node:net:958:11)
    at Socket._write (node:net:970:8)
    at writeOrBuffer (node:internal/streams/writable:572:12)
    at _write (node:internal/streams/writable:501:10)
    at Writable.write (node:internal/streams/writable:510:10)
    at Console.log (/Users/sherifelawady/.cache/firebase/tools/lib/node_modules/winston/lib/winston/transports/console.js:87:23)
    at Console._write (/Users/sherifelawady/.cache/firebase/tools/lib/node_modules/winston-transport/modern.js:103:17)
    at doWrite (/Users/sherifelawady/.cache/firebase/tools/lib/node_modules/winston-transport/node_modules/readable-stream/lib/_stream_writable.js:390:139)
[error] 
[error] Error: An unexpected error has occurred.
[debug] [2026-09-17T21:24:02.186Z] Error: write EPIPE
    at afterWriteDispatched (node:internal/stream_base_commons:161:15)
    at writeGeneric (node:internal/stream_base_commons:152:3)
    at Socket._writeGeneric (node:net:958:11)
    at Socket._write (node:net:970:8)
    at writeOrBuffer (node:internal/streams/writable:572:12)
    at _write (node:internal/streams/writable:501:10)
    at Writable.write (node:internal/streams/writable:510:10)
    at Console.log (/Users/sherifelawady/.cache/firebase/tools/lib/node_modules/winston/lib/winston/transports/console.js:87:23)
    at Console._write (/Users/sherifelawady/.cache/firebase/tools/lib/node_modules/winston-transport/modern.js:103:17)
    at doWrite (/Users/sherifelawady/.cache/firebase/tools/lib/node_modules/winston-transport/node_modules/readable-stream/lib/_stream_writable.js:390:139)
[error] 
[error] Error: An unexpected error has occurred.
[debug] [2026-09-17T21:24:02.187Z] Error: write EPIPE
    at afterWriteDispatched (node:internal/stream_base_commons:161:15)
    at writeGeneric (node:internal/stream_base_commons:152:3)
    at Socket._writeGeneric (node:net:958:11)
    at Socket._write (node:net:970:8)
    at writeOrBuffer (node:internal/streams/writable:572:12)
    at _write (node:internal/streams/writable:501:10)
    at Writable.write (node:internal/streams/writable:510:10)
    at Console.log (/Users/sherifelawady/.cache/firebase/tools/lib/node_modules/winston/lib/winston/transports/console.js:87:23)
    at Console._write (/Users/sherifelawady/.cache/firebase/tools/lib/node_modules/winston-transport/modern.js:103:17)
    at doWrite (/Users/sherifelawady/.cache/firebase/tools/lib/node_modules/winston-transport/node_modules/readable-stream/lib/_stream_writable.js:390:139)
[error] 
[error] Error: An unexpected error has occurred.
[debug] [2026-09-17T21:24:02.187Z] Error: write EPIPE
    at afterWriteDispatched (node:internal/stream_base_commons:161:15)
    at writeGeneric (node:internal/stream_base_commons:152:3)
    at Socket._writeGeneric (node:net:958:11)
    at Socket._write (node:net:970:8)
    at writeOrBuffer (node:internal/streams/writable:572:12)
    at _write (node:internal/streams/writable:501:10)
    at Writable.write (node:internal/streams/writable:510:10)
    at Console.log (/Users/sherifelawady/.cache/firebase/tools/lib/node_modules/winston/lib/winston/transports/console.js:87:23)
    at Console._write (/Users/sherifelawady/.cache/firebase/tools/lib/node_modules/winston-transport/modern.js:103:17)
    at doWrite (/Users/sherifelawady/.cache/firebase/tools/lib/node_modules/winston-transport/node_modules/readable-stream/lib/_stream_writable.js:390:139)
[error] 
[error] Error: An unexpected error has occurred.
[debug] [2026-09-17T21:24:02.187Z] Error: write EPIPE
    at afterWriteDispatched (node:internal/stream_base_commons:161:15)
    at writeGeneric (node:internal/stream_base_commons:152:3)
    at Socket._writeGeneric (node:net:958:11)
    at Socket._write (node:net:970:8)
    at writeOrBuffer (node:internal/streams/writable:572:12)
    at _write (node:internal/streams/writable:501:10)
    at Writable.write (node:internal/streams/writable:510:10)
    at Console.log (/Users/sherifelawady/.cache/firebase/tools/lib/node_modules/winston/lib/winston/transports/console.js:87:23)
    at Console._write (/Users/sherifelawady/.cache/firebase/tools/lib/node_modules/winston-transport/modern.js:103:17)
    at doWrite (/Users/sherifelawady/.cache/firebase/tools/lib/node_modules/winston-transport/node_modules/readable-stream/lib/_stream_writable.js:390:139)
[error] 
[error] Error: An unexpected error has occurred.
[debug] [2026-09-17T21:24:02.187Z] Error: write EPIPE
    at afterWriteDispatched (node:internal/stream_base_commons:161:15)
    at writeGeneric (node:internal/stream_base_commons:152:3)
    at Socket._writeGeneric (node:net:958:11)
    at Socket._write (node:net:970:8)
    at writeOrBuffer (node:internal/streams/writable:572:12)
    at _write (node:internal/streams/writable:501:10)
    at Writable.write (node:internal/streams/writable:510:10)
    at Console.log (/Users/sherifelawady/.cache/firebase/tools/lib/node_modules/winston/lib/winston/transports/console.js:87:23)
    at Console._write (/Users/sherifelawady/.cache/firebase/tools/lib/node_modules/winston-transport/modern.js:103:17)
    at doWrite (/Users/sherifelawady/.cache/firebase/tools/lib/node_modules/winston-transport/node_modules/readable-stream/lib/_stream_writable.js:390:139)
[error] 
[error] Error: An unexpected error has occurred.
[debug] [2026-09-17T21:24:02.188Z] Error: write EPIPE
    at afterWriteDispatched (node:internal/stream_base_commons:161:15)
    at writeGeneric (node:internal/stream_base_commons:152:3)
    at Socket._writeGeneric (node:net:958:11)
    at Socket._write (node:net:970:8)
    at writeOrBuffer (node:internal/streams/writable:572:12)
    at _write (node:internal/streams/writable:501:10)
    at Writable.write (node:internal/streams/writable:510:10)
    at Console.log (/Users/sherifelawady/.cache/firebase/tools/lib/node_modules/winston/lib/winston/transports/console.js:87:23)
    at Console._write (/Users/sherifelawady/.cache/firebase/tools/lib/node_modules/winston-transport/modern.js:103:17)
    at doWrite (/Users/sherifelawady/.cache/firebase/tools/lib/node_modules/winston-transport/node_modules/readable-stream/lib/_stream_writable.js:390:139)
[error] 
[error] Error: An unexpected error has occurred.
[debug] [2026-09-17T21:24:02.188Z] Error: write EPIPE
    at afterWriteDispatched (node:internal/stream_base_commons:161:15)
    at writeGeneric (node:internal/stream_base_commons:152:3)
    at Socket._writeGeneric (node:net:958:11)
    at Socket._write (node:net:970:8)
    at writeOrBuffer (node:internal/streams/writable:572:12)
    at _write (node:internal/streams/writable:501:10)
    at Writable.write (node:internal/streams/writable:510:10)
    at Console.log (/Users/sherifelawady/.cache/firebase/tools/lib/node_modules/winston/lib/winston/transports/console.js:87:23)
    at Console._write (/Users/sherifelawady/.cache/firebase/tools/lib/node_modules/winston-transport/modern.js:103:17)
    at doWrite (/Users/sherifelawady/.cache/firebase/tools/lib/node_modules/winston-transport/node_modules/readable-stream/lib/_stream_writable.js:390:139)
[error] 
[error] Error: An unexpected error has occurred.
[debug] [2026-09-17T21:24:02.188Z] Error: write EPIPE
    at afterWriteDispatched (node:internal/stream_base_commons:161:15)
    at writeGeneric (node:internal/stream_base_commons:152:3)
    at Socket._writeGeneric (node:net:958:11)
    at Socket._write (node:net:970:8)
    at writeOrBuffer (node:internal/streams/writable:572:12)
    at _write (node:internal/streams/writable:501:10)
    at Writable.write (node:internal/streams/writable:510:10)
    at Console.log (/Users/sherifelawady/.cache/firebase/tools/lib/node_modules/winston/lib/winston/transports/console.js:87:23)
    at Console._write (/Users/sherifelawady/.cache/firebase/tools/lib/node_modules/winston-transport/modern.js:103:17)
    at doWrite (/Users/sherifelawady/.cache/firebase/tools/lib/node_modules/winston-transport/node_modules/readable-stream/lib/_stream_writable.js:390:139)
[error] 
[error] Error: An unexpected error has occurred.
[debug] [2026-09-17T21:24:02.189Z] Error: write EPIPE
    at afterWriteDispatched (node:internal/stream_base_commons:161:15)
    at writeGeneric (node:internal/stream_base_commons:152:3)
    at Socket._writeGeneric (node:net:958:11)
    at Socket._write (node:net:970:8)
    at writeOrBuffer (node:internal/streams/writable:572:12)
    at _write (node:internal/streams/writable:501:10)
    at Writable.write (node:internal/streams/writable:510:10)
    at Console.log (/Users/sherifelawady/.cache/firebase/tools/lib/node_modules/winston/lib/winston/transports/console.js:87:23)
    at Console._write (/Users/sherifelawady/.cache/firebase/tools/lib/node_modules/winston-transport/modern.js:103:17)
    at doWrite (/Users/sherifelawady/.cache/firebase/tools/lib/node_modules/winston-transport/node_modules/readable-stream/lib/_stream_writable.js:390:139)
[error] 
[error] Error: An unexpected error has occurred.
[debug] [2026-09-17T21:24:02.189Z] Error: write EPIPE
    at afterWriteDispatched (node:internal/stream_base_commons:161:15)
    at writeGeneric (node:internal/stream_base_commons:152:3)
    at Socket._writeGeneric (node:net:958:11)
    at Socket._write (node:net:970:8)
    at writeOrBuffer (node:internal/streams/writable:572:12)
    at _write (node:internal/streams/writable:501:10)
    at Writable.write (node:internal/streams/writable:510:10)
    at Console.log (/Users/sherifelawady/.cache/firebase/tools/lib/node_modules/winston/lib/winston/transports/console.js:87:23)
    at Console._write (/Users/sherifelawady/.cache/firebase/tools/lib/node_modules/winston-transport/modern.js:103:17)
    at doWrite (/Users/sherifelawady/.cache/firebase/tools/lib/node_modules/winston-transport/node_modules/readable-stream/lib/_stream_writable.js:390:139)
[error] 
[error] Error: An unexpected error has occurred.
[debug] [2026-09-17T21:24:02.208Z] Error: write EPIPE
    at afterWriteDispatched (node:internal/stream_base_commons:161:15)
    at writeGeneric (node:internal/stream_base_commons:152:3)
    at Socket._writeGeneric (node:net:958:11)
    at Socket._write (node:net:970:8)
    at writeOrBuffer (node:internal/streams/writable:572:12)
    at _write (node:internal/streams/writable:501:10)
    at Writable.write (node:internal/streams/writable:510:10)
    at Console.log (/Users/sherifelawady/.cache/firebase/tools/lib/node_modules/winston/lib/winston/transports/console.js:87:23)
    at Console._write (/Users/sherifelawady/.cache/firebase/tools/lib/node_modules/winston-transport/modern.js:103:17)
    at doWrite (/Users/sherifelawady/.cache/firebase/tools/lib/node_modules/winston-transport/node_modules/readable-stream/lib/_stream_writable.js:390:139)
[error] 
[error] Error: An unexpected error has occurred.
[debug] [2026-09-17T21:24:02.210Z] Error: write EPIPE
    at afterWriteDispatched (node:internal/stream_base_commons:161:15)
    at writeGeneric (node:internal/stream_base_commons:152:3)
    at Socket._writeGeneric (node:net:958:11)
    at Socket._write (node:net:970:8)
    at writeOrBuffer (node:internal/streams/writable:572:12)
    at _write (node:internal/streams/writable:501:10)
    at Writable.write (node:internal/streams/writable:510:10)
    at Console.log (/Users/sherifelawady/.cache/firebase/tools/lib/node_modules/winston/lib/winston/transports/console.js:87:23)
    at Console._write (/Users/sherifelawady/.cache/firebase/tools/lib/node_modules/winston-transport/modern.js:103:17)
    at doWrite (/Users/sherifelawady/.cache/firebase/tools/lib/node_modules/winston-transport/node_modules/readable-stream/lib/_stream_writable.js:390:139)
[error] 
[error] Error: An unexpected error has occurred.
[debug] [2026-09-17T21:24:02.214Z] Error: write EPIPE
    at afterWriteDispatched (node:internal/stream_base_commons:161:15)
    at writeGeneric (node:internal/stream_base_commons:152:3)
    at Socket._writeGeneric (node:net:958:11)
    at Socket._write (node:net:970:8)
    at writeOrBuffer (node:internal/streams/writable:572:12)
    at _write (node:internal/streams/writable:501:10)
    at Writable.write (node:internal/streams/writable:510:10)
    at Console.log (/Users/sherifelawady/.cache/firebase/tools/lib/node_modules/winston/lib/winston/transports/console.js:87:23)
    at Console._write (/Users/sherifelawady/.cache/firebase/tools/lib/node_modules/winston-transport/modern.js:103:17)
    at doWrite (/Users/sherifelawady/.cache/firebase/tools/lib/node_modules/winston-transport/node_modules/readable-stream/lib/_stream_writable.js:390:139)
[error] 
[error] Error: An unexpected error has occurred.
[debug] [2026-09-17T21:24:02.214Z] Error: write EPIPE
    at afterWriteDispatched (node:internal/stream_base_commons:161:15)
    at writeGeneric (node:internal/stream_base_commons:152:3)
    at Socket._writeGeneric (node:net:958:11)
    at Socket._write (node:net:970:8)
    at writeOrBuffer (node:internal/streams/writable:572:12)
    at _write (node:internal/streams/writable:501:10)
    at Writable.write (node:internal/streams/writable:510:10)
    at Console.log (/Users/sherifelawady/.cache/firebase/tools/lib/node_modules/winston/lib/winston/transports/console.js:87:23)
    at Console._write (/Users/sherifelawady/.cache/firebase/tools/lib/node_modules/winston-transport/modern.js:103:17)
    at doWrite (/Users/sherifelawady/.cache/firebase/tools/lib/node_modules/winston-transport/node_modules/readable-stream/lib/_stream_writable.js:390:139)
[error] 
[error] Error: An unexpected error has occurred.
[debug] [2026-09-17T21:24:02.214Z] Error: write EPIPE
    at afterWriteDispatched (node:internal/stream_base_commons:161:15)
    at writeGeneric (node:internal/stream_base_commons:152:3)
    at Socket._writeGeneric (node:net:958:11)
    at Socket._write (node:net:970:8)
    at writeOrBuffer (node:internal/streams/writable:572:12)
    at _write (node:internal/streams/writable:501:10)
    at Writable.write (node:internal/streams/writable:510:10)
    at Console.log (/Users/sherifelawady/.cache/firebase/tools/lib/node_modules/winston/lib/winston/transports/console.js:87:23)
    at Console._write (/Users/sherifelawady/.cache/firebase/tools/lib/node_modules/winston-transport/modern.js:103:17)
    at doWrite (/Users/sherifelawady/.cache/firebase/tools/lib/node_modules/winston-transport/node_modules/readable-stream/lib/_stream_writable.js:390:139)
[error] 
[error] Error: An unexpected error has occurred.
[debug] [2026-09-17T21:24:02.215Z] Error: write EPIPE
    at afterWriteDispatched (node:internal/stream_base_commons:161:15)
    at writeGeneric (node:internal/stream_base_commons:152:3)
    at Socket._writeGeneric (node:net:958:11)
    at Socket._write (node:net:970:8)
    at writeOrBuffer (node:internal/streams/writable:572:12)
    at _write (node:internal/streams/writable:501:10)
    at Writable.write (node:internal/streams/writable:510:10)
    at Console.log (/Users/sherifelawady/.cache/firebase/tools/lib/node_modules/winston/lib/winston/transports/console.js:87:23)
    at Console._write (/Users/sherifelawady/.cache/firebase/tools/lib/node_modules/winston-transport/modern.js:103:17)
    at doWrite (/Users/sherifelawady/.cache/firebase/tools/lib/node_modules/winston-transport/node_modules/readable-stream/lib/_stream_writable.js:390:139)
[error] 
[error] Error: An unexpected error has occurred.
[debug] [2026-09-17T21:24:02.215Z] Error: write EPIPE
    at afterWriteDispatched (node:internal/stream_base_commons:161:15)
    at writeGeneric (node:internal/stream_base_commons:152:3)
    at Socket._writeGeneric (node:net:958:11)
    at Socket._write (node:net:970:8)
    at writeOrBuffer (node:internal/streams/writable:572:12)
    at _write (node:internal/streams/writable:501:10)
    at Writable.write (node:internal/streams/writable:510:10)
    at Console.log (/Users/sherifelawady/.cache/firebase/tools/lib/node_modules/winston/lib/winston/transports/console.js:87:23)
    at Console._write (/Users/sherifelawady/.cache/firebase/tools/lib/node_modules/winston-transport/modern.js:103:17)
    at doWrite (/Users/sherifelawady/.cache/firebase/tools/lib/node_modules/winston-transport/node_modules/readable-stream/lib/_stream_writable.js:390:139)
[error] 
[error] Error: An unexpected error has occurred.
[debug] [2026-09-17T21:24:02.216Z] Error: write EPIPE
    at afterWriteDispatched (node:internal/stream_base_commons:161:15)
    at writeGeneric (node:internal/stream_base_commons:152:3)
    at Socket._writeGeneric (node:net:958:11)
    at Socket._write (node:net:970:8)
    at writeOrBuffer (node:internal/streams/writable:572:12)
    at _write (node:internal/streams/writable:501:10)
    at Writable.write (node:internal/streams/writable:510:10)
    at Console.log (/Users/sherifelawady/.cache/firebase/tools/lib/node_modules/winston/lib/winston/transports/console.js:87:23)
    at Console._write (/Users/sherifelawady/.cache/firebase/tools/lib/node_modules/winston-transport/modern.js:103:17)
    at doWrite (/Users/sherifelawady/.cache/firebase/tools/lib/node_modules/winston-transport/node_modules/readable-stream/lib/_stream_writable.js:390:139)
[error] 
[error] Error: An unexpected error has occurred.
[debug] [2026-09-17T21:24:02.216Z] Error: write EPIPE
    at afterWriteDispatched (node:internal/stream_base_commons:161:15)
    at writeGeneric (node:internal/stream_base_commons:152:3)
    at Socket._writeGeneric (node:net:958:11)
    at Socket._write (node:net:970:8)
    at writeOrBuffer (node:internal/streams/writable:572:12)
    at _write (node:internal/streams/writable:501:10)
    at Writable.write (node:internal/streams/writable:510:10)
    at Console.log (/Users/sherifelawady/.cache/firebase/tools/lib/node_modules/winston/lib/winston/transports/console.js:87:23)
    at Console._write (/Users/sherifelawady/.cache/firebase/tools/lib/node_modules/winston-transport/modern.js:103:17)
    at doWrite (/Users/sherifelawady/.cache/firebase/tools/lib/node_modules/winston-transport/node_modules/readable-stream/lib/_stream_writable.js:390:139)
[error] 
[error] Error: An unexpected error has occurred.
[debug] [2026-09-17T21:24:02.216Z] Error: write EPIPE
    at afterWriteDispatched (node:internal/stream_base_commons:161:15)
    at writeGeneric (node:internal/stream_base_commons:152:3)
    at Socket._writeGeneric (node:net:958:11)
    at Socket._write (node:net:970:8)
    at writeOrBuffer (node:internal/streams/writable:572:12)
    at _write (node:internal/streams/writable:501:10)
    at Writable.write (node:internal/streams/writable:510:10)
    at Console.log (/Users/sherifelawady/.cache/firebase/tools/lib/node_modules/winston/lib/winston/transports/console.js:87:23)
    at Console._write (/Users/sherifelawady/.cache/firebase/tools/lib/node_modules/winston-transport/modern.js:103:17)
    at doWrite (/Users/sherifelawady/.cache/firebase/tools/lib/node_modules/winston-transport/node_modules/readable-stream/lib/_stream_writable.js:390:139)
[error] 
[error] Error: An unexpected error has occurred.
[debug] [2026-09-17T21:24:02.216Z] Error: write EPIPE
    at afterWriteDispatched (node:internal/stream_base_commons:161:15)
    at writeGeneric (node:internal/stream_base_commons:152:3)
    at Socket._writeGeneric (node:net:958:11)
    at Socket._write (node:net:970:8)
    at writeOrBuffer (node:internal/streams/writable:572:12)
    at _write (node:internal/streams/writable:501:10)
    at Writable.write (node:internal/streams/writable:510:10)
    at Console.log (/Users/sherifelawady/.cache/firebase/tools/lib/node_modules/winston/lib/winston/transports/console.js:87:23)
    at Console._write (/Users/sherifelawady/.cache/firebase/tools/lib/node_modules/winston-transport/modern.js:103:17)
    at doWrite (/Users/sherifelawady/.cache/firebase/tools/lib/node_modules/winston-transport/node_modules/readable-stream/lib/_stream_writable.js:390:139)
[error] 
[error] Error: An unexpected error has occurred.
[debug] [2026-09-17T21:24:02.216Z] Error: write EPIPE
    at afterWriteDispatched (node:internal/stream_base_commons:161:15)
    at writeGeneric (node:internal/stream_base_commons:152:3)
    at Socket._writeGeneric (node:net:958:11)
    at Socket._write (node:net:970:8)
    at writeOrBuffer (node:internal/streams/writable:572:12)
    at _write (node:internal/streams/writable:501:10)
    at Writable.write (node:internal/streams/writable:510:10)
    at Console.log (/Users/sherifelawady/.cache/firebase/tools/lib/node_modules/winston/lib/winston/transports/console.js:87:23)
    at Console._write (/Users/sherifelawady/.cache/firebase/tools/lib/node_modules/winston-transport/modern.js:103:17)
    at doWrite (/Users/sherifelawady/.cache/firebase/tools/lib/node_modules/winston-transport/node_modules/readable-stream/lib/_stream_writable.js:390:139)
[error] 
[error] Error: An unexpected error has occurred.
[debug] [2026-09-17T21:24:02.217Z] Error: write EPIPE
    at afterWriteDispatched (node:internal/stream_base_commons:161:15)
    at writeGeneric (node:internal/stream_base_commons:152:3)
    at Socket._writeGeneric (node:net:958:11)
    at Socket._write (node:net:970:8)
    at writeOrBuffer (node:internal/streams/writable:572:12)
    at _write (node:internal/streams/writable:501:10)
    at Writable.write (node:internal/streams/writable:510:10)
    at Console.log (/Users/sherifelawady/.cache/firebase/tools/lib/node_modules/winston/lib/winston/transports/console.js:87:23)
    at Console._write (/Users/sherifelawady/.cache/firebase/tools/lib/node_modules/winston-transport/modern.js:103:17)
    at doWrite (/Users/sherifelawady/.cache/firebase/tools/lib/node_modules/winston-transport/node_modules/readable-stream/lib/_stream_writable.js:390:139)
[error] 
[error] Error: An unexpected error has occurred.
[debug] [2026-09-17T21:24:02.217Z] Error: write EPIPE
    at afterWriteDispatched (node:internal/stream_base_commons:161:15)
    at writeGeneric (node:internal/stream_base_commons:152:3)
    at Socket._writeGeneric (node:net:958:11)
    at Socket._write (node:net:970:8)
    at writeOrBuffer (node:internal/streams/writable:572:12)
    at _write (node:internal/streams/writable:501:10)
    at Writable.write (node:internal/streams/writable:510:10)
    at Console.log (/Users/sherifelawady/.cache/firebase/tools/lib/node_modules/winston/lib/winston/transports/console.js:87:23)
    at Console._write (/Users/sherifelawady/.cache/firebase/tools/lib/node_modules/winston-transport/modern.js:103:17)
    at doWrite (/Users/sherifelawady/.cache/firebase/tools/lib/node_modules/winston-transport/node_modules/readable-stream/lib/_stream_writable.js:390:139)
[error] 
[error] Error: An unexpected error has occurred.
[debug] [2026-09-17T21:24:02.217Z] Error: write EPIPE
    at afterWriteDispatched (node:internal/stream_base_commons:161:15)
    at writeGeneric (node:internal/stream_base_commons:152:3)
    at Socket._writeGeneric (node:net:958:11)
    at Socket._write (node:net:970:8)
    at writeOrBuffer (node:internal/streams/writable:572:12)
    at _write (node:internal/streams/writable:501:10)
    at Writable.write (node:internal/streams/writable:510:10)
    at Console.log (/Users/sherifelawady/.cache/firebase/tools/lib/node_modules/winston/lib/winston/transports/console.js:87:23)
    at Console._write (/Users/sherifelawady/.cache/firebase/tools/lib/node_modules/winston-transport/modern.js:103:17)
    at doWrite (/Users/sherifelawady/.cache/firebase/tools/lib/node_modules/winston-transport/node_modules/readable-stream/lib/_stream_writable.js:390:139)
[error] 
[error] Error: An unexpected error has occurred.
[debug] [2026-09-17T21:24:02.217Z] Error: write EPIPE
    at afterWriteDispatched (node:internal/stream_base_commons:161:15)
    at writeGeneric (node:internal/stream_base_commons:152:3)
    at Socket._writeGeneric (node:net:958:11)
    at Socket._write (node:net:970:8)
    at writeOrBuffer (node:internal/streams/writable:572:12)
    at _write (node:internal/streams/writable:501:10)
    at Writable.write (node:internal/streams/writable:510:10)
    at Console.log (/Users/sherifelawady/.cache/firebase/tools/lib/node_modules/winston/lib/winston/transports/console.js:87:23)
    at Console._write (/Users/sherifelawady/.cache/firebase/tools/lib/node_modules/winston-transport/modern.js:103:17)
    at doWrite (/Users/sherifelawady/.cache/firebase/tools/lib/node_modules/winston-transport/node_modules/readable-stream/lib/_stream_writable.js:390:139)
[error] 
[error] Error: An unexpected error has occurred.
[debug] [2026-09-17T21:24:02.217Z] Error: write EPIPE
    at afterWriteDispatched (node:internal/stream_base_commons:161:15)
    at writeGeneric (node:internal/stream_base_commons:152:3)
    at Socket._writeGeneric (node:net:958:11)
    at Socket._write (node:net:970:8)
    at writeOrBuffer (node:internal/streams/writable:572:12)
    at _write (node:internal/streams/writable:501:10)
    at Writable.write (node:internal/streams/writable:510:10)
    at Console.log (/Users/sherifelawady/.cache/firebase/tools/lib/node_modules/winston/lib/winston/transports/console.js:87:23)
    at Console._write (/Users/sherifelawady/.cache/firebase/tools/lib/node_modules/winston-transport/modern.js:103:17)
    at doWrite (/Users/sherifelawady/.cache/firebase/tools/lib/node_modules/winston-transport/node_modules/readable-stream/lib/_stream_writable.js:390:139)
[error] 
[error] Error: An unexpected error has occurred.
[debug] [2026-09-17T21:24:02.217Z] Error: write EPIPE
    at afterWriteDispatched (node:internal/stream_base_commons:161:15)
    at writeGeneric (node:internal/stream_base_commons:152:3)
    at Socket._writeGeneric (node:net:958:11)
    at Socket._write (node:net:970:8)
    at writeOrBuffer (node:internal/streams/writable:572:12)
    at _write (node:internal/streams/writable:501:10)
    at Writable.write (node:internal/streams/writable:510:10)
    at Console.log (/Users/sherifelawady/.cache/firebase/tools/lib/node_modules/winston/lib/winston/transports/console.js:87:23)
    at Console._write (/Users/sherifelawady/.cache/firebase/tools/lib/node_modules/winston-transport/modern.js:103:17)
    at doWrite (/Users/sherifelawady/.cache/firebase/tools/lib/node_modules/winston-transport/node_modules/readable-stream/lib/_stream_writable.js:390:139)
[error] 
[error] Error: An unexpected error has occurred.
[debug] [2026-09-17T21:24:02.217Z] Error: write EPIPE
    at afterWriteDispatched (node:internal/stream_base_commons:161:15)
    at writeGeneric (node:internal/stream_base_commons:152:3)
    at Socket._writeGeneric (node:net:958:11)
    at Socket._write (node:net:970:8)
    at writeOrBuffer (node:internal/streams/writable:572:12)
    at _write (node:internal/streams/writable:501:10)
    at Writable.write (node:internal/streams/writable:510:10)
    at Console.log (/Users/sherifelawady/.cache/firebase/tools/lib/node_modules/winston/lib/winston/transports/console.js:87:23)
    at Console._write (/Users/sherifelawady/.cache/firebase/tools/lib/node_modules/winston-transport/modern.js:103:17)
    at doWrite (/Users/sherifelawady/.cache/firebase/tools/lib/node_modules/winston-transport/node_modules/readable-stream/lib/_stream_writable.js:390:139)
[error] 
[error] Error: An unexpected error has occurred.
[debug] [2026-09-17T21:24:02.219Z] Error: write EPIPE
    at afterWriteDispatched (node:internal/stream_base_commons:161:15)
    at writeGeneric (node:internal/stream_base_commons:152:3)
    at Socket._writeGeneric (node:net:958:11)
    at Socket._write (node:net:970:8)
    at writeOrBuffer (node:internal/streams/writable:572:12)
    at _write (node:internal/streams/writable:501:10)
    at Writable.write (node:internal/streams/writable:510:10)
    at Console.log (/Users/sherifelawady/.cache/firebase/tools/lib/node_modules/winston/lib/winston/transports/console.js:87:23)
    at Console._write (/Users/sherifelawady/.cache/firebase/tools/lib/node_modules/winston-transport/modern.js:103:17)
    at doWrite (/Users/sherifelawady/.cache/firebase/tools/lib/node_modules/winston-transport/node_modules/readable-stream/lib/_stream_writable.js:390:139)
[error] 
[error] Error: An unexpected error has occurred.
[debug] [2026-09-17T21:24:02.219Z] Error: write EPIPE
    at afterWriteDispatched (node:internal/stream_base_commons:161:15)
    at writeGeneric (node:internal/stream_base_commons:152:3)
    at Socket._writeGeneric (node:net:958:11)
    at Socket._write (node:net:970:8)
    at writeOrBuffer (node:internal/streams/writable:572:12)
    at _write (node:internal/streams/writable:501:10)
    at Writable.write (node:internal/streams/writable:510:10)
    at Console.log (/Users/sherifelawady/.cache/firebase/tools/lib/node_modules/winston/lib/winston/transports/console.js:87:23)
    at Console._write (/Users/sherifelawady/.cache/firebase/tools/lib/node_modules/winston-transport/modern.js:103:17)
    at doWrite (/Users/sherifelawady/.cache/firebase/tools/lib/node_modules/winston-transport/node_modules/readable-stream/lib/_stream_writable.js:390:139)
[error] 
[error] Error: An unexpected error has occurred.
[debug] [2026-09-17T21:24:02.219Z] Error: write EPIPE
    at afterWriteDispatched (node:internal/stream_base_commons:161:15)
    at writeGeneric (node:internal/stream_base_commons:152:3)
    at Socket._writeGeneric (node:net:958:11)
    at Socket._write (node:net:970:8)
    at writeOrBuffer (node:internal/streams/writable:572:12)
    at _write (node:internal/streams/writable:501:10)
    at Writable.write (node:internal/streams/writable:510:10)
    at Console.log (/Users/sherifelawady/.cache/firebase/tools/lib/node_modules/winston/lib/winston/transports/console.js:87:23)
    at Console._write (/Users/sherifelawady/.cache/firebase/tools/lib/node_modules/winston-transport/modern.js:103:17)
    at doWrite (/Users/sherifelawady/.cache/firebase/tools/lib/node_modules/winston-transport/node_modules/readable-stream/lib/_stream_writable.js:390:139)
[error] 
[error] Error: An unexpected error has occurred.
[debug] [2026-09-17T21:24:02.219Z] Error: write EPIPE
    at afterWriteDispatched (node:internal/stream_base_commons:161:15)
    at writeGeneric (node:internal/stream_base_commons:152:3)
    at Socket._writeGeneric (node:net:958:11)
    at Socket._write (node:net:970:8)
    at writeOrBuffer (node:internal/streams/writable:572:12)
    at _write (node:internal/streams/writable:501:10)
    at Writable.write (node:internal/streams/writable:510:10)
    at Console.log (/Users/sherifelawady/.cache/firebase/tools/lib/node_modules/winston/lib/winston/transports/console.js:87:23)
    at Console._write (/Users/sherifelawady/.cache/firebase/tools/lib/node_modules/winston-transport/modern.js:103:17)
    at doWrite (/Users/sherifelawady/.cache/firebase/tools/lib/node_modules/winston-transport/node_modules/readable-stream/lib/_stream_writable.js:390:139)
[error] 
[error] Error: An unexpected error has occurred.
[debug] [2026-09-17T21:24:02.219Z] Error: write EPIPE
    at afterWriteDispatched (node:internal/stream_base_commons:161:15)
    at writeGeneric (node:internal/stream_base_commons:152:3)
    at Socket._writeGeneric (node:net:958:11)
    at Socket._write (node:net:970:8)
    at writeOrBuffer (node:internal/streams/writable:572:12)
    at _write (node:internal/streams/writable:501:10)
    at Writable.write (node:internal/streams/writable:510:10)
    at Console.log (/Users/sherifelawady/.cache/firebase/tools/lib/node_modules/winston/lib/winston/transports/console.js:87:23)
    at Console._write (/Users/sherifelawady/.cache/firebase/tools/lib/node_modules/winston-transport/modern.js:103:17)
    at doWrite (/Users/sherifelawady/.cache/firebase/tools/lib/node_modules/winston-transport/node_modules/readable-stream/lib/_stream_writable.js:390:139)
[error] 
[error] Error: An unexpected error has occurred.
[debug] [2026-09-17T21:24:02.220Z] Error: write EPIPE
    at afterWriteDispatched (node:internal/stream_base_commons:161:15)
    at writeGeneric (node:internal/stream_base_commons:152:3)
    at Socket._writeGeneric (node:net:958:11)
    at Socket._write (node:net:970:8)
    at writeOrBuffer (node:internal/streams/writable:572:12)
    at _write (node:internal/streams/writable:501:10)
    at Writable.write (node:internal/streams/writable:510:10)
    at Console.log (/Users/sherifelawady/.cache/firebase/tools/lib/node_modules/winston/lib/winston/transports/console.js:87:23)
    at Console._write (/Users/sherifelawady/.cache/firebase/tools/lib/node_modules/winston-transport/modern.js:103:17)
    at doWrite (/Users/sherifelawady/.cache/firebase/tools/lib/node_modules/winston-transport/node_modules/readable-stream/lib/_stream_writable.js:390:139)
[error] 
[error] Error: An unexpected error has occurred.
[debug] [2026-09-17T21:24:02.220Z] Error: write EPIPE
    at afterWriteDispatched (node:internal/stream_base_commons:161:15)
    at writeGeneric (node:internal/stream_base_commons:152:3)
    at Socket._writeGeneric (node:net:958:11)
    at Socket._write (node:net:970:8)
    at writeOrBuffer (node:internal/streams/writable:572:12)
    at _write (node:internal/streams/writable:501:10)
    at Writable.write (node:internal/streams/writable:510:10)
    at Console.log (/Users/sherifelawady/.cache/firebase/tools/lib/node_modules/winston/lib/winston/transports/console.js:87:23)
    at Console._write (/Users/sherifelawady/.cache/firebase/tools/lib/node_modules/winston-transport/modern.js:103:17)
    at doWrite (/Users/sherifelawady/.cache/firebase/tools/lib/node_modules/winston-transport/node_modules/readable-stream/lib/_stream_writable.js:390:139)
[error] 
[error] Error: An unexpected error has occurred.
[debug] [2026-09-17T21:24:02.220Z] Error: write EPIPE
    at afterWriteDispatched (node:internal/stream_base_commons:161:15)
    at writeGeneric (node:internal/stream_base_commons:152:3)
    at Socket._writeGeneric (node:net:958:11)
    at Socket._write (node:net:970:8)
    at writeOrBuffer (node:internal/streams/writable:572:12)
    at _write (node:internal/streams/writable:501:10)
    at Writable.write (node:internal/streams/writable:510:10)
    at Console.log (/Users/sherifelawady/.cache/firebase/tools/lib/node_modules/winston/lib/winston/transports/console.js:87:23)
    at Console._write (/Users/sherifelawady/.cache/firebase/tools/lib/node_modules/winston-transport/modern.js:103:17)
    at doWrite (/Users/sherifelawady/.cache/firebase/tools/lib/node_modules/winston-transport/node_modules/readable-stream/lib/_stream_writable.js:390:139)
[error] 
[error] Error: An unexpected error has occurred.
[debug] [2026-09-17T21:24:02.220Z] Error: write EPIPE
    at afterWriteDispatched (node:internal/stream_base_commons:161:15)
    at writeGeneric (node:internal/stream_base_commons:152:3)
    at Socket._writeGeneric (node:net:958:11)
    at Socket._write (node:net:970:8)
    at writeOrBuffer (node:internal/streams/writable:572:12)
    at _write (node:internal/streams/writable:501:10)
    at Writable.write (node:internal/streams/writable:510:10)
    at Console.log (/Users/sherifelawady/.cache/firebase/tools/lib/node_modules/winston/lib/winston/transports/console.js:87:23)
    at Console._write (/Users/sherifelawady/.cache/firebase/tools/lib/node_modules/winston-transport/modern.js:103:17)
    at doWrite (/Users/sherifelawady/.cache/firebase/tools/lib/node_modules/winston-transport/node_modules/readable-stream/lib/_stream_writable.js:390:139)
[error] 
[error] Error: An unexpected error has occurred.
[debug] [2026-09-17T21:24:02.220Z] Error: write EPIPE
    at afterWriteDispatched (node:internal/stream_base_commons:161:15)
    at writeGeneric (node:internal/stream_base_commons:152:3)
    at Socket._writeGeneric (node:net:958:11)
    at Socket._write (node:net:970:8)
    at writeOrBuffer (node:internal/streams/writable:572:12)
    at _write (node:internal/streams/writable:501:10)
    at Writable.write (node:internal/streams/writable:510:10)
    at Console.log (/Users/sherifelawady/.cache/firebase/tools/lib/node_modules/winston/lib/winston/transports/console.js:87:23)
    at Console._write (/Users/sherifelawady/.cache/firebase/tools/lib/node_modules/winston-transport/modern.js:103:17)
    at doWrite (/Users/sherifelawady/.cache/firebase/tools/lib/node_modules/winston-transport/node_modules/readable-stream/lib/_stream_writable.js:390:139)
[error] 
[error] Error: An unexpected error has occurred.
[debug] [2026-09-17T21:24:02.220Z] Error: write EPIPE
    at afterWriteDispatched (node:internal/stream_base_commons:161:15)
    at writeGeneric (node:internal/stream_base_commons:152:3)
    at Socket._writeGeneric (node:net:958:11)
    at Socket._write (node:net:970:8)
    at writeOrBuffer (node:internal/streams/writable:572:12)
    at _write (node:internal/streams/writable:501:10)
    at Writable.write (node:internal/streams/writable:510:10)
    at Console.log (/Users/sherifelawady/.cache/firebase/tools/lib/node_modules/winston/lib/winston/transports/console.js:87:23)
    at Console._write (/Users/sherifelawady/.cache/firebase/tools/lib/node_modules/winston-transport/modern.js:103:17)
    at doWrite (/Users/sherifelawady/.cache/firebase/tools/lib/node_modules/winston-transport/node_modules/readable-stream/lib/_stream_writable.js:390:139)
[error] 
[error] Error: An unexpected error has occurred.
[debug] [2026-09-17T21:24:02.220Z] Error: write EPIPE
    at afterWriteDispatched (node:internal/stream_base_commons:161:15)
    at writeGeneric (node:internal/stream_base_commons:152:3)
    at Socket._writeGeneric (node:net:958:11)
    at Socket._write (node:net:970:8)
    at writeOrBuffer (node:internal/streams/writable:572:12)
    at _write (node:internal/streams/writable:501:10)
    at Writable.write (node:internal/streams/writable:510:10)
    at Console.log (/Users/sherifelawady/.cache/firebase/tools/lib/node_modules/winston/lib/winston/transports/console.js:87:23)
    at Console._write (/Users/sherifelawady/.cache/firebase/tools/lib/node_modules/winston-transport/modern.js:103:17)
    at doWrite (/Users/sherifelawady/.cache/firebase/tools/lib/node_modules/winston-transport/node_modules/readable-stream/lib/_stream_writable.js:390:139)
[error] 
[error] Error: An unexpected error has occurred.
[debug] [2026-09-17T21:24:02.221Z] Error: write EPIPE
    at afterWriteDispatched (node:internal/stream_base_commons:161:15)
    at writeGeneric (node:internal/stream_base_commons:152:3)
    at Socket._writeGeneric (node:net:958:11)
    at Socket._write (node:net:970:8)
    at writeOrBuffer (node:internal/streams/writable:572:12)
    at _write (node:internal/streams/writable:501:10)
    at Writable.write (node:internal/streams/writable:510:10)
    at Console.log (/Users/sherifelawady/.cache/firebase/tools/lib/node_modules/winston/lib/winston/transports/console.js:87:23)
    at Console._write (/Users/sherifelawady/.cache/firebase/tools/lib/node_modules/winston-transport/modern.js:103:17)
    at doWrite (/Users/sherifelawady/.cache/firebase/tools/lib/node_modules/winston-transport/node_modules/readable-stream/lib/_stream_writable.js:390:139)
[error] 
[error] Error: An unexpected error has occurred.
[debug] [2026-09-17T21:24:02.221Z] Error: write EPIPE
    at afterWriteDispatched (node:internal/stream_base_commons:161:15)
    at writeGeneric (node:internal/stream_base_commons:152:3)
    at Socket._writeGeneric (node:net:958:11)
    at Socket._write (node:net:970:8)
    at writeOrBuffer (node:internal/streams/writable:572:12)
    at _write (node:internal/streams/writable:501:10)
    at Writable.write (node:internal/streams/writable:510:10)
    at Console.log (/Users/sherifelawady/.cache/firebase/tools/lib/node_modules/winston/lib/winston/transports/console.js:87:23)
    at Console._write (/Users/sherifelawady/.cache/firebase/tools/lib/node_modules/winston-transport/modern.js:103:17)
    at doWrite (/Users/sherifelawady/.cache/firebase/tools/lib/node_modules/winston-transport/node_modules/readable-stream/lib/_stream_writable.js:390:139)
[error] 
[error] Error: An unexpected error has occurred.
[debug] [2026-09-17T21:24:02.222Z] Error: write EPIPE
    at afterWriteDispatched (node:internal/stream_base_commons:161:15)
    at writeGeneric (node:internal/stream_base_commons:152:3)
    at Socket._writeGeneric (node:net:958:11)
    at Socket._write (node:net:970:8)
    at writeOrBuffer (node:internal/streams/writable:572:12)
    at _write (node:internal/streams/writable:501:10)
    at Writable.write (node:internal/streams/writable:510:10)
    at Console.log (/Users/sherifelawady/.cache/firebase/tools/lib/node_modules/winston/lib/winston/transports/console.js:87:23)
    at Console._write (/Users/sherifelawady/.cache/firebase/tools/lib/node_modules/winston-transport/modern.js:103:17)
    at doWrite (/Users/sherifelawady/.cache/firebase/tools/lib/node_modules/winston-transport/node_modules/readable-stream/lib/_stream_writable.js:390:139)
[error] 
[error] Error: An unexpected error has occurred.
[debug] [2026-09-17T21:24:02.222Z] Error: write EPIPE
    at afterWriteDispatched (node:internal/stream_base_commons:161:15)
    at writeGeneric (node:internal/stream_base_commons:152:3)
    at Socket._writeGeneric (node:net:958:11)
    at Socket._write (node:net:970:8)
    at writeOrBuffer (node:internal/streams/writable:572:12)
    at _write (node:internal/streams/writable:501:10)
    at Writable.write (node:internal/streams/writable:510:10)
    at Console.log (/Users/sherifelawady/.cache/firebase/tools/lib/node_modules/winston/lib/winston/transports/console.js:87:23)
    at Console._write (/Users/sherifelawady/.cache/firebase/tools/lib/node_modules/winston-transport/modern.js:103:17)
    at doWrite (/Users/sherifelawady/.cache/firebase/tools/lib/node_modules/winston-transport/node_modules/readable-stream/lib/_stream_writable.js:390:139)
[error] 
[error] Error: An unexpected error has occurred.
[debug] [2026-09-17T21:24:02.223Z] Error: write EPIPE
    at afterWriteDispatched (node:internal/stream_base_commons:161:15)
    at writeGeneric (node:internal/stream_base_commons:152:3)
    at Socket._writeGeneric (node:net:958:11)
    at Socket._write (node:net:970:8)
    at writeOrBuffer (node:internal/streams/writable:572:12)
    at _write (node:internal/streams/writable:501:10)
    at Writable.write (node:internal/streams/writable:510:10)
    at Console.log (/Users/sherifelawady/.cache/firebase/tools/lib/node_modules/winston/lib/winston/transports/console.js:87:23)
    at Console._write (/Users/sherifelawady/.cache/firebase/tools/lib/node_modules/winston-transport/modern.js:103:17)
    at doWrite (/Users/sherifelawady/.cache/firebase/tools/lib/node_modules/winston-transport/node_modules/readable-stream/lib/_stream_writable.js:390:139)
[error] 
[error] Error: An unexpected error has occurred.
[debug] [2026-09-17T21:24:02.223Z] Error: write EPIPE
    at afterWriteDispatched (node:internal/stream_base_commons:161:15)
    at writeGeneric (node:internal/stream_base_commons:152:3)
    at Socket._writeGeneric (node:net:958:11)
    at Socket._write (node:net:970:8)
    at writeOrBuffer (node:internal/streams/writable:572:12)
    at _write (node:internal/streams/writable:501:10)
    at Writable.write (node:internal/streams/writable:510:10)
    at Console.log (/Users/sherifelawady/.cache/firebase/tools/lib/node_modules/winston/lib/winston/transports/console.js:87:23)
    at Console._write (/Users/sherifelawady/.cache/firebase/tools/lib/node_modules/winston-transport/modern.js:103:17)
    at doWrite (/Users/sherifelawady/.cache/firebase/tools/lib/node_modules/winston-transport/node_modules/readable-stream/lib/_stream_writable.js:390:139)
[error] 
[error] Error: An unexpected error has occurred.
[debug] [2026-09-17T21:24:02.224Z] Error: write EPIPE
    at afterWriteDispatched (node:internal/stream_base_commons:161:15)
    at writeGeneric (node:internal/stream_base_commons:152:3)
    at Socket._writeGeneric (node:net:958:11)
    at Socket._write (node:net:970:8)
    at writeOrBuffer (node:internal/streams/writable:572:12)
    at _write (node:internal/streams/writable:501:10)
    at Writable.write (node:internal/streams/writable:510:10)
    at Console.log (/Users/sherifelawady/.cache/firebase/tools/lib/node_modules/winston/lib/winston/transports/console.js:87:23)
    at Console._write (/Users/sherifelawady/.cache/firebase/tools/lib/node_modules/winston-transport/modern.js:103:17)
    at doWrite (/Users/sherifelawady/.cache/firebase/tools/lib/node_modules/winston-transport/node_modules/readable-stream/lib/_stream_writable.js:390:139)
[error] 
[error] Error: An unexpected error has occurred.
[debug] [2026-09-17T21:24:02.232Z] Error: write EPIPE
    at afterWriteDispatched (node:internal/stream_base_commons:161:15)
    at writeGeneric (node:internal/stream_base_commons:152:3)
    at Socket._writeGeneric (node:net:958:11)
    at Socket._write (node:net:970:8)
    at writeOrBuffer (node:internal/streams/writable:572:12)
    at _write (node:internal/streams/writable:501:10)
    at Writable.write (node:internal/streams/writable:510:10)
    at Console.log (/Users/sherifelawady/.cache/firebase/tools/lib/node_modules/winston/lib/winston/transports/console.js:87:23)
    at Console._write (/Users/sherifelawady/.cache/firebase/tools/lib/node_modules/winston-transport/modern.js:103:17)
    at doWrite (/Users/sherifelawady/.cache/firebase/tools/lib/node_modules/winston-transport/node_modules/readable-stream/lib/_stream_writable.js:390:139)
[error] 
[error] Error: An unexpected error has occurred.
[debug] [2026-09-17T21:24:02.233Z] Error: write EPIPE
    at afterWriteDispatched (node:internal/stream_base_commons:161:15)
    at writeGeneric (node:internal/stream_base_commons:152:3)
    at Socket._writeGeneric (node:net:958:11)
    at Socket._write (node:net:970:8)
    at writeOrBuffer (node:internal/streams/writable:572:12)
    at _write (node:internal/streams/writable:501:10)
    at Writable.write (node:internal/streams/writable:510:10)
    at Console.log (/Users/sherifelawady/.cache/firebase/tools/lib/node_modules/winston/lib/winston/transports/console.js:87:23)
    at Console._write (/Users/sherifelawady/.cache/firebase/tools/lib/node_modules/winston-transport/modern.js:103:17)
    at doWrite (/Users/sherifelawady/.cache/firebase/tools/lib/node_modules/winston-transport/node_modules/readable-stream/lib/_stream_writable.js:390:139)
[error] 
[error] Error: An unexpected error has occurred.
[debug] [2026-09-17T21:24:02.233Z] Error: write EPIPE
    at afterWriteDispatched (node:internal/stream_base_commons:161:15)
    at writeGeneric (node:internal/stream_base_commons:152:3)
    at Socket._writeGeneric (node:net:958:11)
    at Socket._write (node:net:970:8)
    at writeOrBuffer (node:internal/streams/writable:572:12)
    at _write (node:internal/streams/writable:501:10)
    at Writable.write (node:internal/streams/writable:510:10)
    at Console.log (/Users/sherifelawady/.cache/firebase/tools/lib/node_modules/winston/lib/winston/transports/console.js:87:23)
    at Console._write (/Users/sherifelawady/.cache/firebase/tools/lib/node_modules/winston-transport/modern.js:103:17)
    at doWrite (/Users/sherifelawady/.cache/firebase/tools/lib/node_modules/winston-transport/node_modules/readable-stream/lib/_stream_writable.js:390:139)
[error] 
[error] Error: An unexpected error has occurred.
[debug] [2026-09-17T21:24:02.233Z] Error: write EPIPE
    at afterWriteDispatched (node:internal/stream_base_commons:161:15)
    at writeGeneric (node:internal/stream_base_commons:152:3)
    at Socket._writeGeneric (node:net:958:11)
    at Socket._write (node:net:970:8)
    at writeOrBuffer (node:internal/streams/writable:572:12)
    at _write (node:internal/streams/writable:501:10)
    at Writable.write (node:internal/streams/writable:510:10)
    at Console.log (/Users/sherifelawady/.cache/firebase/tools/lib/node_modules/winston/lib/winston/transports/console.js:87:23)
    at Console._write (/Users/sherifelawady/.cache/firebase/tools/lib/node_modules/winston-transport/modern.js:103:17)
    at doWrite (/Users/sherifelawady/.cache/firebase/tools/lib/node_modules/winston-transport/node_modules/readable-stream/lib/_stream_writable.js:390:139)
[error] 
[error] Error: An unexpected error has occurred.
[debug] [2026-09-17T21:24:02.233Z] Error: write EPIPE
    at afterWriteDispatched (node:internal/stream_base_commons:161:15)
    at writeGeneric (node:internal/stream_base_commons:152:3)
    at Socket._writeGeneric (node:net:958:11)
    at Socket._write (node:net:970:8)
    at writeOrBuffer (node:internal/streams/writable:572:12)
    at _write (node:internal/streams/writable:501:10)
    at Writable.write (node:internal/streams/writable:510:10)
    at Console.log (/Users/sherifelawady/.cache/firebase/tools/lib/node_modules/winston/lib/winston/transports/console.js:87:23)
    at Console._write (/Users/sherifelawady/.cache/firebase/tools/lib/node_modules/winston-transport/modern.js:103:17)
    at doWrite (/Users/sherifelawady/.cache/firebase/tools/lib/node_modules/winston-transport/node_modules/readable-stream/lib/_stream_writable.js:390:139)
[error] 
[error] Error: An unexpected error has occurred.
[debug] [2026-09-17T21:24:02.233Z] Error: write EPIPE
    at afterWriteDispatched (node:internal/stream_base_commons:161:15)
    at writeGeneric (node:internal/stream_base_commons:152:3)
    at Socket._writeGeneric (node:net:958:11)
    at Socket._write (node:net:970:8)
    at writeOrBuffer (node:internal/streams/writable:572:12)
    at _write (node:internal/streams/writable:501:10)
    at Writable.write (node:internal/streams/writable:510:10)
    at Console.log (/Users/sherifelawady/.cache/firebase/tools/lib/node_modules/winston/lib/winston/transports/console.js:87:23)
    at Console._write (/Users/sherifelawady/.cache/firebase/tools/lib/node_modules/winston-transport/modern.js:103:17)
    at doWrite (/Users/sherifelawady/.cache/firebase/tools/lib/node_modules/winston-transport/node_modules/readable-stream/lib/_stream_writable.js:390:139)
[error] 
[error] Error: An unexpected error has occurred.
[debug] [2026-09-17T21:24:02.234Z] Error: write EPIPE
    at afterWriteDispatched (node:internal/stream_base_commons:161:15)
    at writeGeneric (node:internal/stream_base_commons:152:3)
    at Socket._writeGeneric (node:net:958:11)
    at Socket._write (node:net:970:8)
    at writeOrBuffer (node:internal/streams/writable:572:12)
    at _write (node:internal/streams/writable:501:10)
    at Writable.write (node:internal/streams/writable:510:10)
    at Console.log (/Users/sherifelawady/.cache/firebase/tools/lib/node_modules/winston/lib/winston/transports/console.js:87:23)
    at Console._write (/Users/sherifelawady/.cache/firebase/tools/lib/node_modules/winston-transport/modern.js:103:17)
    at doWrite (/Users/sherifelawady/.cache/firebase/tools/lib/node_modules/winston-transport/node_modules/readable-stream/lib/_stream_writable.js:390:139)
[error] 
[error] Error: An unexpected error has occurred.
[debug] [2026-09-17T21:24:02.234Z] Error: write EPIPE
    at afterWriteDispatched (node:internal/stream_base_commons:161:15)
    at writeGeneric (node:internal/stream_base_commons:152:3)
    at Socket._writeGeneric (node:net:958:11)
    at Socket._write (node:net:970:8)
    at writeOrBuffer (node:internal/streams/writable:572:12)
    at _write (node:internal/streams/writable:501:10)
    at Writable.write (node:internal/streams/writable:510:10)
    at Console.log (/Users/sherifelawady/.cache/firebase/tools/lib/node_modules/winston/lib/winston/transports/console.js:87:23)
    at Console._write (/Users/sherifelawady/.cache/firebase/tools/lib/node_modules/winston-transport/modern.js:103:17)
    at doWrite (/Users/sherifelawady/.cache/firebase/tools/lib/node_modules/winston-transport/node_modules/readable-stream/lib/_stream_writable.js:390:139)
[error] 
[error] Error: An unexpected error has occurred.
[debug] [2026-09-17T21:24:02.234Z] Error: write EPIPE
    at afterWriteDispatched (node:internal/stream_base_commons:161:15)
    at writeGeneric (node:internal/stream_base_commons:152:3)
    at Socket._writeGeneric (node:net:958:11)
    at Socket._write (node:net:970:8)
    at writeOrBuffer (node:internal/streams/writable:572:12)
    at _write (node:internal/streams/writable:501:10)
    at Writable.write (node:internal/streams/writable:510:10)
    at Console.log (/Users/sherifelawady/.cache/firebase/tools/lib/node_modules/winston/lib/winston/transports/console.js:87:23)
    at Console._write (/Users/sherifelawady/.cache/firebase/tools/lib/node_modules/winston-transport/modern.js:103:17)
    at doWrite (/Users/sherifelawady/.cache/firebase/tools/lib/node_modules/winston-transport/node_modules/readable-stream/lib/_stream_writable.js:390:139)
[error] 
[error] Error: An unexpected error has occurred.
[debug] [2026-09-17T21:24:02.234Z] Error: write EPIPE
    at afterWriteDispatched (node:internal/stream_base_commons:161:15)
    at writeGeneric (node:internal/stream_base_commons:152:3)
    at Socket._writeGeneric (node:net:958:11)
    at Socket._write (node:net:970:8)
    at writeOrBuffer (node:internal/streams/writable:572:12)
    at _write (node:internal/streams/writable:501:10)
    at Writable.write (node:internal/streams/writable:510:10)
    at Console.log (/Users/sherifelawady/.cache/firebase/tools/lib/node_modules/winston/lib/winston/transports/console.js:87:23)
    at Console._write (/Users/sherifelawady/.cache/firebase/tools/lib/node_modules/winston-transport/modern.js:103:17)
    at doWrite (/Users/sherifelawady/.cache/firebase/tools/lib/node_modules/winston-transport/node_modules/readable-stream/lib/_stream_writable.js:390:139)
[error] 
[error] Error: An unexpected error has occurred.
[debug] [2026-09-17T21:24:02.234Z] Error: write EPIPE
    at afterWriteDispatched (node:internal/stream_base_commons:161:15)
    at writeGeneric (node:internal/stream_base_commons:152:3)
    at Socket._writeGeneric (node:net:958:11)
    at Socket._write (node:net:970:8)
    at writeOrBuffer (node:internal/streams/writable:572:12)
    at _write (node:internal/streams/writable:501:10)
    at Writable.write (node:internal/streams/writable:510:10)
    at Console.log (/Users/sherifelawady/.cache/firebase/tools/lib/node_modules/winston/lib/winston/transports/console.js:87:23)
    at Console._write (/Users/sherifelawady/.cache/firebase/tools/lib/node_modules/winston-transport/modern.js:103:17)
    at doWrite (/Users/sherifelawady/.cache/firebase/tools/lib/node_modules/winston-transport/node_modules/readable-stream/lib/_stream_writable.js:390:139)
[error] 
[error] Error: An unexpected error has occurred.
[debug] [2026-09-17T21:24:02.234Z] Error: write EPIPE
    at afterWriteDispatched (node:internal/stream_base_commons:161:15)
    at writeGeneric (node:internal/stream_base_commons:152:3)
    at Socket._writeGeneric (node:net:958:11)
    at Socket._write (node:net:970:8)
    at writeOrBuffer (node:internal/streams/writable:572:12)
    at _write (node:internal/streams/writable:501:10)
    at Writable.write (node:internal/streams/writable:510:10)
    at Console.log (/Users/sherifelawady/.cache/firebase/tools/lib/node_modules/winston/lib/winston/transports/console.js:87:23)
    at Console._write (/Users/sherifelawady/.cache/firebase/tools/lib/node_modules/winston-transport/modern.js:103:17)
    at doWrite (/Users/sherifelawady/.cache/firebase/tools/lib/node_modules/winston-transport/node_modules/readable-stream/lib/_stream_writable.js:390:139)
[error] 
[error] Error: An unexpected error has occurred.
[debug] [2026-09-17T21:24:02.234Z] Error: write EPIPE
    at afterWriteDispatched (node:internal/stream_base_commons:161:15)
    at writeGeneric (node:internal/stream_base_commons:152:3)
    at Socket._writeGeneric (node:net:958:11)
    at Socket._write (node:net:970:8)
    at writeOrBuffer (node:internal/streams/writable:572:12)
    at _write (node:internal/streams/writable:501:10)
    at Writable.write (node:internal/streams/writable:510:10)
    at Console.log (/Users/sherifelawady/.cache/firebase/tools/lib/node_modules/winston/lib/winston/transports/console.js:87:23)
    at Console._write (/Users/sherifelawady/.cache/firebase/tools/lib/node_modules/winston-transport/modern.js:103:17)
    at doWrite (/Users/sherifelawady/.cache/firebase/tools/lib/node_modules/winston-transport/node_modules/readable-stream/lib/_stream_writable.js:390:139)
[error] 
[error] Error: An unexpected error has occurred.
[debug] [2026-09-17T21:24:02.234Z] Error: write EPIPE
    at afterWriteDispatched (node:internal/stream_base_commons:161:15)
    at writeGeneric (node:internal/stream_base_commons:152:3)
    at Socket._writeGeneric (node:net:958:11)
    at Socket._write (node:net:970:8)
    at writeOrBuffer (node:internal/streams/writable:572:12)
    at _write (node:internal/streams/writable:501:10)
    at Writable.write (node:internal/streams/writable:510:10)
    at Console.log (/Users/sherifelawady/.cache/firebase/tools/lib/node_modules/winston/lib/winston/transports/console.js:87:23)
    at Console._write (/Users/sherifelawady/.cache/firebase/tools/lib/node_modules/winston-transport/modern.js:103:17)
    at doWrite (/Users/sherifelawady/.cache/firebase/tools/lib/node_modules/winston-transport/node_modules/readable-stream/lib/_stream_writable.js:390:139)
[error] 
[error] Error: An unexpected error has occurred.
[debug] [2026-09-17T21:24:02.234Z] Error: write EPIPE
    at afterWriteDispatched (node:internal/stream_base_commons:161:15)
    at writeGeneric (node:internal/stream_base_commons:152:3)
    at Socket._writeGeneric (node:net:958:11)
    at Socket._write (node:net:970:8)
    at writeOrBuffer (node:internal/streams/writable:572:12)
    at _write (node:internal/streams/writable:501:10)
    at Writable.write (node:internal/streams/writable:510:10)
    at Console.log (/Users/sherifelawady/.cache/firebase/tools/lib/node_modules/winston/lib/winston/transports/console.js:87:23)
    at Console._write (/Users/sherifelawady/.cache/firebase/tools/lib/node_modules/winston-transport/modern.js:103:17)
    at doWrite (/Users/sherifelawady/.cache/firebase/tools/lib/node_modules/winston-transport/node_modules/readable-stream/lib/_stream_writable.js:390:139)
[error] 
[error] Error: An unexpected error has occurred.
[debug] [2026-09-17T21:24:02.234Z] Error: write EPIPE
    at afterWriteDispatched (node:internal/stream_base_commons:161:15)
    at writeGeneric (node:internal/stream_base_commons:152:3)
    at Socket._writeGeneric (node:net:958:11)
    at Socket._write (node:net:970:8)
    at writeOrBuffer (node:internal/streams/writable:572:12)
    at _write (node:internal/streams/writable:501:10)
    at Writable.write (node:internal/streams/writable:510:10)
    at Console.log (/Users/sherifelawady/.cache/firebase/tools/lib/node_modules/winston/lib/winston/transports/console.js:87:23)
    at Console._write (/Users/sherifelawady/.cache/firebase/tools/lib/node_modules/winston-transport/modern.js:103:17)
    at doWrite (/Users/sherifelawady/.cache/firebase/tools/lib/node_modules/winston-transport/node_modules/readable-stream/lib/_stream_writable.js:390:139)
[error] 
[error] Error: An unexpected error has occurred.
[debug] [2026-09-17T21:24:02.235Z] Error: write EPIPE
    at afterWriteDispatched (node:internal/stream_base_commons:161:15)
    at writeGeneric (node:internal/stream_base_commons:152:3)
    at Socket._writeGeneric (node:net:958:11)
    at Socket._write (node:net:970:8)
    at writeOrBuffer (node:internal/streams/writable:572:12)
    at _write (node:internal/streams/writable:501:10)
    at Writable.write (node:internal/streams/writable:510:10)
    at Console.log (/Users/sherifelawady/.cache/firebase/tools/lib/node_modules/winston/lib/winston/transports/console.js:87:23)
    at Console._write (/Users/sherifelawady/.cache/firebase/tools/lib/node_modules/winston-transport/modern.js:103:17)
    at doWrite (/Users/sherifelawady/.cache/firebase/tools/lib/node_modules/winston-transport/node_modules/readable-stream/lib/_stream_writable.js:390:139)
[error] 
[error] Error: An unexpected error has occurred.
[debug] [2026-09-17T21:24:02.255Z] Error: write EPIPE
    at afterWriteDispatched (node:internal/stream_base_commons:161:15)
    at writeGeneric (node:internal/stream_base_commons:152:3)
    at Socket._writeGeneric (node:net:958:11)
    at Socket._write (node:net:970:8)
    at writeOrBuffer (node:internal/streams/writable:572:12)
    at _write (node:internal/streams/writable:501:10)
    at Writable.write (node:internal/streams/writable:510:10)
    at Console.log (/Users/sherifelawady/.cache/firebase/tools/lib/node_modules/winston/lib/winston/transports/console.js:87:23)
    at Console._write (/Users/sherifelawady/.cache/firebase/tools/lib/node_modules/winston-transport/modern.js:103:17)
    at doWrite (/Users/sherifelawady/.cache/firebase/tools/lib/node_modules/winston-transport/node_modules/readable-stream/lib/_stream_writable.js:390:139)
[error] 
[error] Error: An unexpected error has occurred.
[debug] [2026-09-17T21:24:02.256Z] Error: write EPIPE
    at afterWriteDispatched (node:internal/stream_base_commons:161:15)
    at writeGeneric (node:internal/stream_base_commons:152:3)
    at Socket._writeGeneric (node:net:958:11)
    at Socket._write (node:net:970:8)
    at writeOrBuffer (node:internal/streams/writable:572:12)
    at _write (node:internal/streams/writable:501:10)
    at Writable.write (node:internal/streams/writable:510:10)
    at Console.log (/Users/sherifelawady/.cache/firebase/tools/lib/node_modules/winston/lib/winston/transports/console.js:87:23)
    at Console._write (/Users/sherifelawady/.cache/firebase/tools/lib/node_modules/winston-transport/modern.js:103:17)
    at doWrite (/Users/sherifelawady/.cache/firebase/tools/lib/node_modules/winston-transport/node_modules/readable-stream/lib/_stream_writable.js:390:139)
[error] 
[error] Error: An unexpected error has occurred.
[debug] [2026-09-17T21:24:02.257Z] Error: write EPIPE
    at afterWriteDispatched (node:internal/stream_base_commons:161:15)
    at writeGeneric (node:internal/stream_base_commons:152:3)
    at Socket._writeGeneric (node:net:958:11)
    at Socket._write (node:net:970:8)
    at writeOrBuffer (node:internal/streams/writable:572:12)
    at _write (node:internal/streams/writable:501:10)
    at Writable.write (node:internal/streams/writable:510:10)
    at Console.log (/Users/sherifelawady/.cache/firebase/tools/lib/node_modules/winston/lib/winston/transports/console.js:87:23)
    at Console._write (/Users/sherifelawady/.cache/firebase/tools/lib/node_modules/winston-transport/modern.js:103:17)
    at doWrite (/Users/sherifelawady/.cache/firebase/tools/lib/node_modules/winston-transport/node_modules/readable-stream/lib/_stream_writable.js:390:139)
[error] 
[error] Error: An unexpected error has occurred.
[debug] [2026-09-17T21:24:02.258Z] Error: write EPIPE
    at afterWriteDispatched (node:internal/stream_base_commons:161:15)
    at writeGeneric (node:internal/stream_base_commons:152:3)
    at Socket._writeGeneric (node:net:958:11)
    at Socket._write (node:net:970:8)
    at writeOrBuffer (node:internal/streams/writable:572:12)
    at _write (node:internal/streams/writable:501:10)
    at Writable.write (node:internal/streams/writable:510:10)
    at Console.log (/Users/sherifelawady/.cache/firebase/tools/lib/node_modules/winston/lib/winston/transports/console.js:87:23)
    at Console._write (/Users/sherifelawady/.cache/firebase/tools/lib/node_modules/winston-transport/modern.js:103:17)
    at doWrite (/Users/sherifelawady/.cache/firebase/tools/lib/node_modules/winston-transport/node_modules/readable-stream/lib/_stream_writable.js:390:139)
[error] 
[error] Error: An unexpected error has occurred.
[debug] [2026-09-17T21:24:02.258Z] Error: write EPIPE
    at afterWriteDispatched (node:internal/stream_base_commons:161:15)
    at writeGeneric (node:internal/stream_base_commons:152:3)
    at Socket._writeGeneric (node:net:958:11)
    at Socket._write (node:net:970:8)
    at writeOrBuffer (node:internal/streams/writable:572:12)
    at _write (node:internal/streams/writable:501:10)
    at Writable.write (node:internal/streams/writable:510:10)
    at Console.log (/Users/sherifelawady/.cache/firebase/tools/lib/node_modules/winston/lib/winston/transports/console.js:87:23)
    at Console._write (/Users/sherifelawady/.cache/firebase/tools/lib/node_modules/winston-transport/modern.js:103:17)
    at doWrite (/Users/sherifelawady/.cache/firebase/tools/lib/node_modules/winston-transport/node_modules/readable-stream/lib/_stream_writable.js:390:139)
[error] 
[error] Error: An unexpected error has occurred.
[debug] [2026-09-17T21:24:02.259Z] Error: write EPIPE
    at afterWriteDispatched (node:internal/stream_base_commons:161:15)
    at writeGeneric (node:internal/stream_base_commons:152:3)
    at Socket._writeGeneric (node:net:958:11)
    at Socket._write (node:net:970:8)
    at writeOrBuffer (node:internal/streams/writable:572:12)
    at _write (node:internal/streams/writable:501:10)
    at Writable.write (node:internal/streams/writable:510:10)
    at Console.log (/Users/sherifelawady/.cache/firebase/tools/lib/node_modules/winston/lib/winston/transports/console.js:87:23)
    at Console._write (/Users/sherifelawady/.cache/firebase/tools/lib/node_modules/winston-transport/modern.js:103:17)
    at doWrite (/Users/sherifelawady/.cache/firebase/tools/lib/node_modules/winston-transport/node_modules/readable-stream/lib/_stream_writable.js:390:139)
[error] 
[error] Error: An unexpected error has occurred.
[debug] [2026-09-17T21:24:02.259Z] Error: write EPIPE
    at afterWriteDispatched (node:internal/stream_base_commons:161:15)
    at writeGeneric (node:internal/stream_base_commons:152:3)
    at Socket._writeGeneric (node:net:958:11)
    at Socket._write (node:net:970:8)
    at writeOrBuffer (node:internal/streams/writable:572:12)
    at _write (node:internal/streams/writable:501:10)
    at Writable.write (node:internal/streams/writable:510:10)
    at Console.log (/Users/sherifelawady/.cache/firebase/tools/lib/node_modules/winston/lib/winston/transports/console.js:87:23)
    at Console._write (/Users/sherifelawady/.cache/firebase/tools/lib/node_modules/winston-transport/modern.js:103:17)
    at doWrite (/Users/sherifelawady/.cache/firebase/tools/lib/node_modules/winston-transport/node_modules/readable-stream/lib/_stream_writable.js:390:139)
[error] 
[error] Error: An unexpected error has occurred.
[debug] [2026-09-17T21:24:02.260Z] Error: write EPIPE
    at afterWriteDispatched (node:internal/stream_base_commons:161:15)
    at writeGeneric (node:internal/stream_base_commons:152:3)
    at Socket._writeGeneric (node:net:958:11)
    at Socket._write (node:net:970:8)
    at writeOrBuffer (node:internal/streams/writable:572:12)
    at _write (node:internal/streams/writable:501:10)
    at Writable.write (node:internal/streams/writable:510:10)
    at Console.log (/Users/sherifelawady/.cache/firebase/tools/lib/node_modules/winston/lib/winston/transports/console.js:87:23)
    at Console._write (/Users/sherifelawady/.cache/firebase/tools/lib/node_modules/winston-transport/modern.js:103:17)
    at doWrite (/Users/sherifelawady/.cache/firebase/tools/lib/node_modules/winston-transport/node_modules/readable-stream/lib/_stream_writable.js:390:139)
[error] 
[error] Error: An unexpected error has occurred.
[debug] [2026-09-17T21:24:02.260Z] Error: write EPIPE
    at afterWriteDispatched (node:internal/stream_base_commons:161:15)
    at writeGeneric (node:internal/stream_base_commons:152:3)
    at Socket._writeGeneric (node:net:958:11)
    at Socket._write (node:net:970:8)
    at writeOrBuffer (node:internal/streams/writable:572:12)
    at _write (node:internal/streams/writable:501:10)
    at Writable.write (node:internal/streams/writable:510:10)
    at Console.log (/Users/sherifelawady/.cache/firebase/tools/lib/node_modules/winston/lib/winston/transports/console.js:87:23)
    at Console._write (/Users/sherifelawady/.cache/firebase/tools/lib/node_modules/winston-transport/modern.js:103:17)
    at doWrite (/Users/sherifelawady/.cache/firebase/tools/lib/node_modules/winston-transport/node_modules/readable-stream/lib/_stream_writable.js:390:139)
[error] 
[error] Error: An unexpected error has occurred.
[debug] [2026-09-17T21:24:02.261Z] Error: write EPIPE
    at afterWriteDispatched (node:internal/stream_base_commons:161:15)
    at writeGeneric (node:internal/stream_base_commons:152:3)
    at Socket._writeGeneric (node:net:958:11)
    at Socket._write (node:net:970:8)
    at writeOrBuffer (node:internal/streams/writable:572:12)
    at _write (node:internal/streams/writable:501:10)
    at Writable.write (node:internal/streams/writable:510:10)
    at Console.log (/Users/sherifelawady/.cache/firebase/tools/lib/node_modules/winston/lib/winston/transports/console.js:87:23)
    at Console._write (/Users/sherifelawady/.cache/firebase/tools/lib/node_modules/winston-transport/modern.js:103:17)
    at doWrite (/Users/sherifelawady/.cache/firebase/tools/lib/node_modules/winston-transport/node_modules/readable-stream/lib/_stream_writable.js:390:139)
[error] 
[error] Error: An unexpected error has occurred.
[debug] [2026-09-17T21:24:02.265Z] Error: write EPIPE
    at afterWriteDispatched (node:internal/stream_base_commons:161:15)
    at writeGeneric (node:internal/stream_base_commons:152:3)
    at Socket._writeGeneric (node:net:958:11)
    at Socket._write (node:net:970:8)
    at writeOrBuffer (node:internal/streams/writable:572:12)
    at _write (node:internal/streams/writable:501:10)
    at Writable.write (node:internal/streams/writable:510:10)
    at Console.log (/Users/sherifelawady/.cache/firebase/tools/lib/node_modules/winston/lib/winston/transports/console.js:87:23)
    at Console._write (/Users/sherifelawady/.cache/firebase/tools/lib/node_modules/winston-transport/modern.js:103:17)
    at doWrite (/Users/sherifelawady/.cache/firebase/tools/lib/node_modules/winston-transport/node_modules/readable-stream/lib/_stream_writable.js:390:139)
[error] 
[error] Error: An unexpected error has occurred.
[debug] [2026-09-17T21:24:02.266Z] Error: write EPIPE
    at afterWriteDispatched (node:internal/stream_base_commons:161:15)
    at writeGeneric (node:internal/stream_base_commons:152:3)
    at Socket._writeGeneric (node:net:958:11)
    at Socket._write (node:net:970:8)
    at writeOrBuffer (node:internal/streams/writable:572:12)
    at _write (node:internal/streams/writable:501:10)
    at Writable.write (node:internal/streams/writable:510:10)
    at Console.log (/Users/sherifelawady/.cache/firebase/tools/lib/node_modules/winston/lib/winston/transports/console.js:87:23)
    at Console._write (/Users/sherifelawady/.cache/firebase/tools/lib/node_modules/winston-transport/modern.js:103:17)
    at doWrite (/Users/sherifelawady/.cache/firebase/tools/lib/node_modules/winston-transport/node_modules/readable-stream/lib/_stream_writable.js:390:139)
[error] 
[error] Error: An unexpected error has occurred.
[debug] [2026-09-17T21:24:02.267Z] Error: write EPIPE
    at afterWriteDispatched (node:internal/stream_base_commons:161:15)
    at writeGeneric (node:internal/stream_base_commons:152:3)
    at Socket._writeGeneric (node:net:958:11)
    at Socket._write (node:net:970:8)
    at writeOrBuffer (node:internal/streams/writable:572:12)
    at _write (node:internal/streams/writable:501:10)
    at Writable.write (node:internal/streams/writable:510:10)
    at Console.log (/Users/sherifelawady/.cache/firebase/tools/lib/node_modules/winston/lib/winston/transports/console.js:87:23)
    at Console._write (/Users/sherifelawady/.cache/firebase/tools/lib/node_modules/winston-transport/modern.js:103:17)
    at doWrite (/Users/sherifelawady/.cache/firebase/tools/lib/node_modules/winston-transport/node_modules/readable-stream/lib/_stream_writable.js:390:139)
[error] 
[error] Error: An unexpected error has occurred.
[debug] [2026-09-17T21:24:02.267Z] Error: write EPIPE
    at afterWriteDispatched (node:internal/stream_base_commons:161:15)
    at writeGeneric (node:internal/stream_base_commons:152:3)
    at Socket._writeGeneric (node:net:958:11)
    at Socket._write (node:net:970:8)
    at writeOrBuffer (node:internal/streams/writable:572:12)
    at _write (node:internal/streams/writable:501:10)
    at Writable.write (node:internal/streams/writable:510:10)
    at Console.log (/Users/sherifelawady/.cache/firebase/tools/lib/node_modules/winston/lib/winston/transports/console.js:87:23)
    at Console._write (/Users/sherifelawady/.cache/firebase/tools/lib/node_modules/winston-transport/modern.js:103:17)
    at doWrite (/Users/sherifelawady/.cache/firebase/tools/lib/node_modules/winston-transport/node_modules/readable-stream/lib/_stream_writable.js:390:139)
[error] 
[error] Error: An unexpected error has occurred.
[debug] [2026-09-17T21:24:02.268Z] Error: write EPIPE
    at afterWriteDispatched (node:internal/stream_base_commons:161:15)
    at writeGeneric (node:internal/stream_base_commons:152:3)
    at Socket._writeGeneric (node:net:958:11)
    at Socket._write (node:net:970:8)
    at writeOrBuffer (node:internal/streams/writable:572:12)
    at _write (node:internal/streams/writable:501:10)
    at Writable.write (node:internal/streams/writable:510:10)
    at Console.log (/Users/sherifelawady/.cache/firebase/tools/lib/node_modules/winston/lib/winston/transports/console.js:87:23)
    at Console._write (/Users/sherifelawady/.cache/firebase/tools/lib/node_modules/winston-transport/modern.js:103:17)
    at doWrite (/Users/sherifelawady/.cache/firebase/tools/lib/node_modules/winston-transport/node_modules/readable-stream/lib/_stream_writable.js:390:139)
[error] 
[error] Error: An unexpected error has occurred.
[debug] [2026-09-17T21:24:02.268Z] Error: write EPIPE
    at afterWriteDispatched (node:internal/stream_base_commons:161:15)
    at writeGeneric (node:internal/stream_base_commons:152:3)
    at Socket._writeGeneric (node:net:958:11)
    at Socket._write (node:net:970:8)
    at writeOrBuffer (node:internal/streams/writable:572:12)
    at _write (node:internal/streams/writable:501:10)
    at Writable.write (node:internal/streams/writable:510:10)
    at Console.log (/Users/sherifelawady/.cache/firebase/tools/lib/node_modules/winston/lib/winston/transports/console.js:87:23)
    at Console._write (/Users/sherifelawady/.cache/firebase/tools/lib/node_modules/winston-transport/modern.js:103:17)
    at doWrite (/Users/sherifelawady/.cache/firebase/tools/lib/node_modules/winston-transport/node_modules/readable-stream/lib/_stream_writable.js:390:139)
[error] 
[error] Error: An unexpected error has occurred.
[debug] [2026-09-17T21:24:02.268Z] Error: write EPIPE
    at afterWriteDispatched (node:internal/stream_base_commons:161:15)
    at writeGeneric (node:internal/stream_base_commons:152:3)
    at Socket._writeGeneric (node:net:958:11)
    at Socket._write (node:net:970:8)
    at writeOrBuffer (node:internal/streams/writable:572:12)
    at _write (node:internal/streams/writable:501:10)
    at Writable.write (node:internal/streams/writable:510:10)
    at Console.log (/Users/sherifelawady/.cache/firebase/tools/lib/node_modules/winston/lib/winston/transports/console.js:87:23)
    at Console._write (/Users/sherifelawady/.cache/firebase/tools/lib/node_modules/winston-transport/modern.js:103:17)
    at doWrite (/Users/sherifelawady/.cache/firebase/tools/lib/node_modules/winston-transport/node_modules/readable-stream/lib/_stream_writable.js:390:139)
[error] 
[error] Error: An unexpected error has occurred.
[debug] [2026-09-17T21:24:02.269Z] Error: write EPIPE
    at afterWriteDispatched (node:internal/stream_base_commons:161:15)
    at writeGeneric (node:internal/stream_base_commons:152:3)
    at Socket._writeGeneric (node:net:958:11)
    at Socket._write (node:net:970:8)
    at writeOrBuffer (node:internal/streams/writable:572:12)
    at _write (node:internal/streams/writable:501:10)
    at Writable.write (node:internal/streams/writable:510:10)
    at Console.log (/Users/sherifelawady/.cache/firebase/tools/lib/node_modules/winston/lib/winston/transports/console.js:87:23)
    at Console._write (/Users/sherifelawady/.cache/firebase/tools/lib/node_modules/winston-transport/modern.js:103:17)
    at doWrite (/Users/sherifelawady/.cache/firebase/tools/lib/node_modules/winston-transport/node_modules/readable-stream/lib/_stream_writable.js:390:139)
[error] 
[error] Error: An unexpected error has occurred.
[debug] [2026-09-17T21:24:02.269Z] Error: write EPIPE
    at afterWriteDispatched (node:internal/stream_base_commons:161:15)
    at writeGeneric (node:internal/stream_base_commons:152:3)
    at Socket._writeGeneric (node:net:958:11)
    at Socket._write (node:net:970:8)
    at writeOrBuffer (node:internal/streams/writable:572:12)
    at _write (node:internal/streams/writable:501:10)
    at Writable.write (node:internal/streams/writable:510:10)
    at Console.log (/Users/sherifelawady/.cache/firebase/tools/lib/node_modules/winston/lib/winston/transports/console.js:87:23)
    at Console._write (/Users/sherifelawady/.cache/firebase/tools/lib/node_modules/winston-transport/modern.js:103:17)
    at doWrite (/Users/sherifelawady/.cache/firebase/tools/lib/node_modules/winston-transport/node_modules/readable-stream/lib/_stream_writable.js:390:139)
[error] 
[error] Error: An unexpected error has occurred.
[debug] [2026-09-17T21:24:02.271Z] Error: write EPIPE
    at afterWriteDispatched (node:internal/stream_base_commons:161:15)
    at writeGeneric (node:internal/stream_base_commons:152:3)
    at Socket._writeGeneric (node:net:958:11)
    at Socket._write (node:net:970:8)
    at writeOrBuffer (node:internal/streams/writable:572:12)
    at _write (node:internal/streams/writable:501:10)
    at Writable.write (node:internal/streams/writable:510:10)
    at Console.log (/Users/sherifelawady/.cache/firebase/tools/lib/node_modules/winston/lib/winston/transports/console.js:87:23)
    at Console._write (/Users/sherifelawady/.cache/firebase/tools/lib/node_modules/winston-transport/modern.js:103:17)
    at doWrite (/Users/sherifelawady/.cache/firebase/tools/lib/node_modules/winston-transport/node_modules/readable-stream/lib/_stream_writable.js:390:139)
[error] 
[error] Error: An unexpected error has occurred.
[debug] [2026-09-17T21:24:02.272Z] Error: write EPIPE
    at afterWriteDispatched (node:internal/stream_base_commons:161:15)
    at writeGeneric (node:internal/stream_base_commons:152:3)
    at Socket._writeGeneric (node:net:958:11)
    at Socket._write (node:net:970:8)
    at writeOrBuffer (node:internal/streams/writable:572:12)
    at _write (node:internal/streams/writable:501:10)
    at Writable.write (node:internal/streams/writable:510:10)
    at Console.log (/Users/sherifelawady/.cache/firebase/tools/lib/node_modules/winston/lib/winston/transports/console.js:87:23)
    at Console._write (/Users/sherifelawady/.cache/firebase/tools/lib/node_modules/winston-transport/modern.js:103:17)
    at doWrite (/Users/sherifelawady/.cache/firebase/tools/lib/node_modules/winston-transport/node_modules/readable-stream/lib/_stream_writable.js:390:139)
[error] 
[error] Error: An unexpected error has occurred.
[debug] [2026-09-17T21:24:02.272Z] Error: write EPIPE
    at afterWriteDispatched (node:internal/stream_base_commons:161:15)
    at writeGeneric (node:internal/stream_base_commons:152:3)
    at Socket._writeGeneric (node:net:958:11)
    at Socket._write (node:net:970:8)
    at writeOrBuffer (node:internal/streams/writable:572:12)
    at _write (node:internal/streams/writable:501:10)
    at Writable.write (node:internal/streams/writable:510:10)
    at Console.log (/Users/sherifelawady/.cache/firebase/tools/lib/node_modules/winston/lib/winston/transports/console.js:87:23)
    at Console._write (/Users/sherifelawady/.cache/firebase/tools/lib/node_modules/winston-transport/modern.js:103:17)
    at doWrite (/Users/sherifelawady/.cache/firebase/tools/lib/node_modules/winston-transport/node_modules/readable-stream/lib/_stream_writable.js:390:139)
[error] 
[error] Error: An unexpected error has occurred.
[debug] [2026-09-17T21:24:02.273Z] Error: write EPIPE
    at afterWriteDispatched (node:internal/stream_base_commons:161:15)
    at writeGeneric (node:internal/stream_base_commons:152:3)
    at Socket._writeGeneric (node:net:958:11)
    at Socket._write (node:net:970:8)
    at writeOrBuffer (node:internal/streams/writable:572:12)
    at _write (node:internal/streams/writable:501:10)
    at Writable.write (node:internal/streams/writable:510:10)
    at Console.log (/Users/sherifelawady/.cache/firebase/tools/lib/node_modules/winston/lib/winston/transports/console.js:87:23)
    at Console._write (/Users/sherifelawady/.cache/firebase/tools/lib/node_modules/winston-transport/modern.js:103:17)
    at doWrite (/Users/sherifelawady/.cache/firebase/tools/lib/node_modules/winston-transport/node_modules/readable-stream/lib/_stream_writable.js:390:139)
[error] 
[error] Error: An unexpected error has occurred.
[debug] [2026-09-17T21:24:02.273Z] Error: write EPIPE
    at afterWriteDispatched (node:internal/stream_base_commons:161:15)
    at writeGeneric (node:internal/stream_base_commons:152:3)
    at Socket._writeGeneric (node:net:958:11)
    at Socket._write (node:net:970:8)
    at writeOrBuffer (node:internal/streams/writable:572:12)
    at _write (node:internal/streams/writable:501:10)
    at Writable.write (node:internal/streams/writable:510:10)
    at Console.log (/Users/sherifelawady/.cache/firebase/tools/lib/node_modules/winston/lib/winston/transports/console.js:87:23)
    at Console._write (/Users/sherifelawady/.cache/firebase/tools/lib/node_modules/winston-transport/modern.js:103:17)
    at doWrite (/Users/sherifelawady/.cache/firebase/tools/lib/node_modules/winston-transport/node_modules/readable-stream/lib/_stream_writable.js:390:139)
[error] 
[error] Error: An unexpected error has occurred.
[debug] [2026-09-17T21:24:02.273Z] Error: write EPIPE
    at afterWriteDispatched (node:internal/stream_base_commons:161:15)
    at writeGeneric (node:internal/stream_base_commons:152:3)
    at Socket._writeGeneric (node:net:958:11)
    at Socket._write (node:net:970:8)
    at writeOrBuffer (node:internal/streams/writable:572:12)
    at _write (node:internal/streams/writable:501:10)
    at Writable.write (node:internal/streams/writable:510:10)
    at Console.log (/Users/sherifelawady/.cache/firebase/tools/lib/node_modules/winston/lib/winston/transports/console.js:87:23)
    at Console._write (/Users/sherifelawady/.cache/firebase/tools/lib/node_modules/winston-transport/modern.js:103:17)
    at doWrite (/Users/sherifelawady/.cache/firebase/tools/lib/node_modules/winston-transport/node_modules/readable-stream/lib/_stream_writable.js:390:139)
[error] 
[error] Error: An unexpected error has occurred.
[debug] [2026-09-17T21:24:02.273Z] Error: write EPIPE
    at afterWriteDispatched (node:internal/stream_base_commons:161:15)
    at writeGeneric (node:internal/stream_base_commons:152:3)
    at Socket._writeGeneric (node:net:958:11)
    at Socket._write (node:net:970:8)
    at writeOrBuffer (node:internal/streams/writable:572:12)
    at _write (node:internal/streams/writable:501:10)
    at Writable.write (node:internal/streams/writable:510:10)
    at Console.log (/Users/sherifelawady/.cache/firebase/tools/lib/node_modules/winston/lib/winston/transports/console.js:87:23)
    at Console._write (/Users/sherifelawady/.cache/firebase/tools/lib/node_modules/winston-transport/modern.js:103:17)
    at doWrite (/Users/sherifelawady/.cache/firebase/tools/lib/node_modules/winston-transport/node_modules/readable-stream/lib/_stream_writable.js:390:139)
[error] 
[error] Error: An unexpected error has occurred.
[debug] [2026-09-17T21:24:02.273Z] Error: write EPIPE
    at afterWriteDispatched (node:internal/stream_base_commons:161:15)
    at writeGeneric (node:internal/stream_base_commons:152:3)
    at Socket._writeGeneric (node:net:958:11)
    at Socket._write (node:net:970:8)
    at writeOrBuffer (node:internal/streams/writable:572:12)
    at _write (node:internal/streams/writable:501:10)
    at Writable.write (node:internal/streams/writable:510:10)
    at Console.log (/Users/sherifelawady/.cache/firebase/tools/lib/node_modules/winston/lib/winston/transports/console.js:87:23)
    at Console._write (/Users/sherifelawady/.cache/firebase/tools/lib/node_modules/winston-transport/modern.js:103:17)
    at doWrite (/Users/sherifelawady/.cache/firebase/tools/lib/node_modules/winston-transport/node_modules/readable-stream/lib/_stream_writable.js:390:139)
[error] 
[error] Error: An unexpected error has occurred.
[debug] [2026-09-17T21:24:02.274Z] Error: write EPIPE
    at afterWriteDispatched (node:internal/stream_base_commons:161:15)
    at writeGeneric (node:internal/stream_base_commons:152:3)
    at Socket._writeGeneric (node:net:958:11)
    at Socket._write (node:net:970:8)
    at writeOrBuffer (node:internal/streams/writable:572:12)
    at _write (node:internal/streams/writable:501:10)
    at Writable.write (node:internal/streams/writable:510:10)
    at Console.log (/Users/sherifelawady/.cache/firebase/tools/lib/node_modules/winston/lib/winston/transports/console.js:87:23)
    at Console._write (/Users/sherifelawady/.cache/firebase/tools/lib/node_modules/winston-transport/modern.js:103:17)
    at doWrite (/Users/sherifelawady/.cache/firebase/tools/lib/node_modules/winston-transport/node_modules/readable-stream/lib/_stream_writable.js:390:139)
[error] 
[error] Error: An unexpected error has occurred.
[debug] [2026-09-17T21:24:02.274Z] Error: write EPIPE
    at afterWriteDispatched (node:internal/stream_base_commons:161:15)
    at writeGeneric (node:internal/stream_base_commons:152:3)
    at Socket._writeGeneric (node:net:958:11)
    at Socket._write (node:net:970:8)
    at writeOrBuffer (node:internal/streams/writable:572:12)
    at _write (node:internal/streams/writable:501:10)
    at Writable.write (node:internal/streams/writable:510:10)
    at Console.log (/Users/sherifelawady/.cache/firebase/tools/lib/node_modules/winston/lib/winston/transports/console.js:87:23)
    at Console._write (/Users/sherifelawady/.cache/firebase/tools/lib/node_modules/winston-transport/modern.js:103:17)
    at doWrite (/Users/sherifelawady/.cache/firebase/tools/lib/node_modules/winston-transport/node_modules/readable-stream/lib/_stream_writable.js:390:139)
[error] 
[error] Error: An unexpected error has occurred.
[debug] [2026-09-17T21:24:02.274Z] Error: write EPIPE
    at afterWriteDispatched (node:internal/stream_base_commons:161:15)
    at writeGeneric (node:internal/stream_base_commons:152:3)
    at Socket._writeGeneric (node:net:958:11)
    at Socket._write (node:net:970:8)
    at writeOrBuffer (node:internal/streams/writable:572:12)
    at _write (node:internal/streams/writable:501:10)
    at Writable.write (node:internal/streams/writable:510:10)
    at Console.log (/Users/sherifelawady/.cache/firebase/tools/lib/node_modules/winston/lib/winston/transports/console.js:87:23)
    at Console._write (/Users/sherifelawady/.cache/firebase/tools/lib/node_modules/winston-transport/modern.js:103:17)
    at doWrite (/Users/sherifelawady/.cache/firebase/tools/lib/node_modules/winston-transport/node_modules/readable-stream/lib/_stream_writable.js:390:139)
[error] 
[error] Error: An unexpected error has occurred.
[debug] [2026-09-17T21:24:02.275Z] Error: write EPIPE
    at afterWriteDispatched (node:internal/stream_base_commons:161:15)
    at writeGeneric (node:internal/stream_base_commons:152:3)
    at Socket._writeGeneric (node:net:958:11)
    at Socket._write (node:net:970:8)
    at writeOrBuffer (node:internal/streams/writable:572:12)
    at _write (node:internal/streams/writable:501:10)
    at Writable.write (node:internal/streams/writable:510:10)
    at Console.log (/Users/sherifelawady/.cache/firebase/tools/lib/node_modules/winston/lib/winston/transports/console.js:87:23)
    at Console._write (/Users/sherifelawady/.cache/firebase/tools/lib/node_modules/winston-transport/modern.js:103:17)
    at doWrite (/Users/sherifelawady/.cache/firebase/tools/lib/node_modules/winston-transport/node_modules/readable-stream/lib/_stream_writable.js:390:139)
[error] 
[error] Error: An unexpected error has occurred.
[debug] [2026-09-17T21:24:02.276Z] Error: write EPIPE
    at afterWriteDispatched (node:internal/stream_base_commons:161:15)
    at writeGeneric (node:internal/stream_base_commons:152:3)
    at Socket._writeGeneric (node:net:958:11)
    at Socket._write (node:net:970:8)
    at writeOrBuffer (node:internal/streams/writable:572:12)
    at _write (node:internal/streams/writable:501:10)
    at Writable.write (node:internal/streams/writable:510:10)
    at Console.log (/Users/sherifelawady/.cache/firebase/tools/lib/node_modules/winston/lib/winston/transports/console.js:87:23)
    at Console._write (/Users/sherifelawady/.cache/firebase/tools/lib/node_modules/winston-transport/modern.js:103:17)
    at doWrite (/Users/sherifelawady/.cache/firebase/tools/lib/node_modules/winston-transport/node_modules/readable-stream/lib/_stream_writable.js:390:139)
[error] 
[error] Error: An unexpected error has occurred.
[debug] [2026-09-17T21:24:02.276Z] Error: write EPIPE
    at afterWriteDispatched (node:internal/stream_base_commons:161:15)
    at writeGeneric (node:internal/stream_base_commons:152:3)
    at Socket._writeGeneric (node:net:958:11)
    at Socket._write (node:net:970:8)
    at writeOrBuffer (node:internal/streams/writable:572:12)
    at _write (node:internal/streams/writable:501:10)
    at Writable.write (node:internal/streams/writable:510:10)
    at Console.log (/Users/sherifelawady/.cache/firebase/tools/lib/node_modules/winston/lib/winston/transports/console.js:87:23)
    at Console._write (/Users/sherifelawady/.cache/firebase/tools/lib/node_modules/winston-transport/modern.js:103:17)
    at doWrite (/Users/sherifelawady/.cache/firebase/tools/lib/node_modules/winston-transport/node_modules/readable-stream/lib/_stream_writable.js:390:139)
[error] 
[error] Error: An unexpected error has occurred.
[debug] [2026-09-17T21:24:02.276Z] Error: write EPIPE
    at afterWriteDispatched (node:internal/stream_base_commons:161:15)
    at writeGeneric (node:internal/stream_base_commons:152:3)
    at Socket._writeGeneric (node:net:958:11)
    at Socket._write (node:net:970:8)
    at writeOrBuffer (node:internal/streams/writable:572:12)
    at _write (node:internal/streams/writable:501:10)
    at Writable.write (node:internal/streams/writable:510:10)
    at Console.log (/Users/sherifelawady/.cache/firebase/tools/lib/node_modules/winston/lib/winston/transports/console.js:87:23)
    at Console._write (/Users/sherifelawady/.cache/firebase/tools/lib/node_modules/winston-transport/modern.js:103:17)
    at doWrite (/Users/sherifelawady/.cache/firebase/tools/lib/node_modules/winston-transport/node_modules/readable-stream/lib/_stream_writable.js:390:139)
[error] 
[error] Error: An unexpected error has occurred.
[debug] [2026-09-17T21:24:02.276Z] Error: write EPIPE
    at afterWriteDispatched (node:internal/stream_base_commons:161:15)
    at writeGeneric (node:internal/stream_base_commons:152:3)
    at Socket._writeGeneric (node:net:958:11)
    at Socket._write (node:net:970:8)
    at writeOrBuffer (node:internal/streams/writable:572:12)
    at _write (node:internal/streams/writable:501:10)
    at Writable.write (node:internal/streams/writable:510:10)
    at Console.log (/Users/sherifelawady/.cache/firebase/tools/lib/node_modules/winston/lib/winston/transports/console.js:87:23)
    at Console._write (/Users/sherifelawady/.cache/firebase/tools/lib/node_modules/winston-transport/modern.js:103:17)
    at doWrite (/Users/sherifelawady/.cache/firebase/tools/lib/node_modules/winston-transport/node_modules/readable-stream/lib/_stream_writable.js:390:139)
[error] 
[error] Error: An unexpected error has occurred.
[debug] [2026-09-17T21:24:02.277Z] Error: write EPIPE
    at afterWriteDispatched (node:internal/stream_base_commons:161:15)
    at writeGeneric (node:internal/stream_base_commons:152:3)
    at Socket._writeGeneric (node:net:958:11)
    at Socket._write (node:net:970:8)
    at writeOrBuffer (node:internal/streams/writable:572:12)
    at _write (node:internal/streams/writable:501:10)
    at Writable.write (node:internal/streams/writable:510:10)
    at Console.log (/Users/sherifelawady/.cache/firebase/tools/lib/node_modules/winston/lib/winston/transports/console.js:87:23)
    at Console._write (/Users/sherifelawady/.cache/firebase/tools/lib/node_modules/winston-transport/modern.js:103:17)
    at doWrite (/Users/sherifelawady/.cache/firebase/tools/lib/node_modules/winston-transport/node_modules/readable-stream/lib/_stream_writable.js:390:139)
[error] 
[error] Error: An unexpected error has occurred.
[debug] [2026-09-17T21:24:02.277Z] Error: write EPIPE
    at afterWriteDispatched (node:internal/stream_base_commons:161:15)
    at writeGeneric (node:internal/stream_base_commons:152:3)
    at Socket._writeGeneric (node:net:958:11)
    at Socket._write (node:net:970:8)
    at writeOrBuffer (node:internal/streams/writable:572:12)
    at _write (node:internal/streams/writable:501:10)
    at Writable.write (node:internal/streams/writable:510:10)
    at Console.log (/Users/sherifelawady/.cache/firebase/tools/lib/node_modules/winston/lib/winston/transports/console.js:87:23)
    at Console._write (/Users/sherifelawady/.cache/firebase/tools/lib/node_modules/winston-transport/modern.js:103:17)
    at doWrite (/Users/sherifelawady/.cache/firebase/tools/lib/node_modules/winston-transport/node_modules/readable-stream/lib/_stream_writable.js:390:139)
[error] 
[error] Error: An unexpected error has occurred.
[debug] [2026-09-17T21:24:02.279Z] Error: write EPIPE
    at afterWriteDispatched (node:internal/stream_base_commons:161:15)
    at writeGeneric (node:internal/stream_base_commons:152:3)
    at Socket._writeGeneric (node:net:958:11)
    at Socket._write (node:net:970:8)
    at writeOrBuffer (node:internal/streams/writable:572:12)
    at _write (node:internal/streams/writable:501:10)
    at Writable.write (node:internal/streams/writable:510:10)
    at Console.log (/Users/sherifelawady/.cache/firebase/tools/lib/node_modules/winston/lib/winston/transports/console.js:87:23)
    at Console._write (/Users/sherifelawady/.cache/firebase/tools/lib/node_modules/winston-transport/modern.js:103:17)
    at doWrite (/Users/sherifelawady/.cache/firebase/tools/lib/node_modules/winston-transport/node_modules/readable-stream/lib/_stream_writable.js:390:139)
[error] 
[error] Error: An unexpected error has occurred.
[debug] [2026-09-17T21:24:02.279Z] Error: write EPIPE
    at afterWriteDispatched (node:internal/stream_base_commons:161:15)
    at writeGeneric (node:internal/stream_base_commons:152:3)
    at Socket._writeGeneric (node:net:958:11)
    at Socket._write (node:net:970:8)
    at writeOrBuffer (node:internal/streams/writable:572:12)
    at _write (node:internal/streams/writable:501:10)
    at Writable.write (node:internal/streams/writable:510:10)
    at Console.log (/Users/sherifelawady/.cache/firebase/tools/lib/node_modules/winston/lib/winston/transports/console.js:87:23)
    at Console._write (/Users/sherifelawady/.cache/firebase/tools/lib/node_modules/winston-transport/modern.js:103:17)
    at doWrite (/Users/sherifelawady/.cache/firebase/tools/lib/node_modules/winston-transport/node_modules/readable-stream/lib/_stream_writable.js:390:139)
[error] 
[error] Error: An unexpected error has occurred.
[debug] [2026-09-17T21:24:02.280Z] Error: write EPIPE
    at afterWriteDispatched (node:internal/stream_base_commons:161:15)
    at writeGeneric (node:internal/stream_base_commons:152:3)
    at Socket._writeGeneric (node:net:958:11)
    at Socket._write (node:net:970:8)
    at writeOrBuffer (node:internal/streams/writable:572:12)
    at _write (node:internal/streams/writable:501:10)
    at Writable.write (node:internal/streams/writable:510:10)
    at Console.log (/Users/sherifelawady/.cache/firebase/tools/lib/node_modules/winston/lib/winston/transports/console.js:87:23)
    at Console._write (/Users/sherifelawady/.cache/firebase/tools/lib/node_modules/winston-transport/modern.js:103:17)
    at doWrite (/Users/sherifelawady/.cache/firebase/tools/lib/node_modules/winston-transport/node_modules/readable-stream/lib/_stream_writable.js:390:139)
[error] 
[error] Error: An unexpected error has occurred.
[debug] [2026-09-17T21:24:02.280Z] Error: write EPIPE
    at afterWriteDispatched (node:internal/stream_base_commons:161:15)
    at writeGeneric (node:internal/stream_base_commons:152:3)
    at Socket._writeGeneric (node:net:958:11)
    at Socket._write (node:net:970:8)
    at writeOrBuffer (node:internal/streams/writable:572:12)
    at _write (node:internal/streams/writable:501:10)
    at Writable.write (node:internal/streams/writable:510:10)
    at Console.log (/Users/sherifelawady/.cache/firebase/tools/lib/node_modules/winston/lib/winston/transports/console.js:87:23)
    at Console._write (/Users/sherifelawady/.cache/firebase/tools/lib/node_modules/winston-transport/modern.js:103:17)
    at doWrite (/Users/sherifelawady/.cache/firebase/tools/lib/node_modules/winston-transport/node_modules/readable-stream/lib/_stream_writable.js:390:139)
[error] 
[error] Error: An unexpected error has occurred.
[debug] [2026-09-17T21:24:02.280Z] Error: write EPIPE
    at afterWriteDispatched (node:internal/stream_base_commons:161:15)
    at writeGeneric (node:internal/stream_base_commons:152:3)
    at Socket._writeGeneric (node:net:958:11)
    at Socket._write (node:net:970:8)
    at writeOrBuffer (node:internal/streams/writable:572:12)
    at _write (node:internal/streams/writable:501:10)
    at Writable.write (node:internal/streams/writable:510:10)
    at Console.log (/Users/sherifelawady/.cache/firebase/tools/lib/node_modules/winston/lib/winston/transports/console.js:87:23)
    at Console._write (/Users/sherifelawady/.cache/firebase/tools/lib/node_modules/winston-transport/modern.js:103:17)
    at doWrite (/Users/sherifelawady/.cache/firebase/tools/lib/node_modules/winston-transport/node_modules/readable-stream/lib/_stream_writable.js:390:139)
[error] 
[error] Error: An unexpected error has occurred.
[debug] [2026-09-17T21:24:02.280Z] Error: write EPIPE
    at afterWriteDispatched (node:internal/stream_base_commons:161:15)
    at writeGeneric (node:internal/stream_base_commons:152:3)
    at Socket._writeGeneric (node:net:958:11)
    at Socket._write (node:net:970:8)
    at writeOrBuffer (node:internal/streams/writable:572:12)
    at _write (node:internal/streams/writable:501:10)
    at Writable.write (node:internal/streams/writable:510:10)
    at Console.log (/Users/sherifelawady/.cache/firebase/tools/lib/node_modules/winston/lib/winston/transports/console.js:87:23)
    at Console._write (/Users/sherifelawady/.cache/firebase/tools/lib/node_modules/winston-transport/modern.js:103:17)
    at doWrite (/Users/sherifelawady/.cache/firebase/tools/lib/node_modules/winston-transport/node_modules/readable-stream/lib/_stream_writable.js:390:139)
[error] 
[error] Error: An unexpected error has occurred.
[debug] [2026-09-17T21:24:02.281Z] Error: write EPIPE
    at afterWriteDispatched (node:internal/stream_base_commons:161:15)
    at writeGeneric (node:internal/stream_base_commons:152:3)
    at Socket._writeGeneric (node:net:958:11)
    at Socket._write (node:net:970:8)
    at writeOrBuffer (node:internal/streams/writable:572:12)
    at _write (node:internal/streams/writable:501:10)
    at Writable.write (node:internal/streams/writable:510:10)
    at Console.log (/Users/sherifelawady/.cache/firebase/tools/lib/node_modules/winston/lib/winston/transports/console.js:87:23)
    at Console._write (/Users/sherifelawady/.cache/firebase/tools/lib/node_modules/winston-transport/modern.js:103:17)
    at doWrite (/Users/sherifelawady/.cache/firebase/tools/lib/node_modules/winston-transport/node_modules/readable-stream/lib/_stream_writable.js:390:139)
[error] 
[error] Error: An unexpected error has occurred.
[debug] [2026-09-17T21:24:02.281Z] Error: write EPIPE
    at afterWriteDispatched (node:internal/stream_base_commons:161:15)
    at writeGeneric (node:internal/stream_base_commons:152:3)
    at Socket._writeGeneric (node:net:958:11)
    at Socket._write (node:net:970:8)
    at writeOrBuffer (node:internal/streams/writable:572:12)
    at _write (node:internal/streams/writable:501:10)
    at Writable.write (node:internal/streams/writable:510:10)
    at Console.log (/Users/sherifelawady/.cache/firebase/tools/lib/node_modules/winston/lib/winston/transports/console.js:87:23)
    at Console._write (/Users/sherifelawady/.cache/firebase/tools/lib/node_modules/winston-transport/modern.js:103:17)
    at doWrite (/Users/sherifelawady/.cache/firebase/tools/lib/node_modules/winston-transport/node_modules/readable-stream/lib/_stream_writable.js:390:139)
[error] 
[error] Error: An unexpected error has occurred.
[debug] [2026-09-17T21:24:02.281Z] Error: write EPIPE
    at afterWriteDispatched (node:internal/stream_base_commons:161:15)
    at writeGeneric (node:internal/stream_base_commons:152:3)
    at Socket._writeGeneric (node:net:958:11)
    at Socket._write (node:net:970:8)
    at writeOrBuffer (node:internal/streams/writable:572:12)
    at _write (node:internal/streams/writable:501:10)
    at Writable.write (node:internal/streams/writable:510:10)
    at Console.log (/Users/sherifelawady/.cache/firebase/tools/lib/node_modules/winston/lib/winston/transports/console.js:87:23)
    at Console._write (/Users/sherifelawady/.cache/firebase/tools/lib/node_modules/winston-transport/modern.js:103:17)
    at doWrite (/Users/sherifelawady/.cache/firebase/tools/lib/node_modules/winston-transport/node_modules/readable-stream/lib/_stream_writable.js:390:139)
[error] 
[error] Error: An unexpected error has occurred.
[debug] [2026-09-17T21:24:02.281Z] Error: write EPIPE
    at afterWriteDispatched (node:internal/stream_base_commons:161:15)
    at writeGeneric (node:internal/stream_base_commons:152:3)
    at Socket._writeGeneric (node:net:958:11)
    at Socket._write (node:net:970:8)
    at writeOrBuffer (node:internal/streams/writable:572:12)
    at _write (node:internal/streams/writable:501:10)
    at Writable.write (node:internal/streams/writable:510:10)
    at Console.log (/Users/sherifelawady/.cache/firebase/tools/lib/node_modules/winston/lib/winston/transports/console.js:87:23)
    at Console._write (/Users/sherifelawady/.cache/firebase/tools/lib/node_modules/winston-transport/modern.js:103:17)
    at doWrite (/Users/sherifelawady/.cache/firebase/tools/lib/node_modules/winston-transport/node_modules/readable-stream/lib/_stream_writable.js:390:139)
[error] 
[error] Error: An unexpected error has occurred.
[debug] [2026-09-17T21:24:02.281Z] Error: write EPIPE
    at afterWriteDispatched (node:internal/stream_base_commons:161:15)
    at writeGeneric (node:internal/stream_base_commons:152:3)
    at Socket._writeGeneric (node:net:958:11)
    at Socket._write (node:net:970:8)
    at writeOrBuffer (node:internal/streams/writable:572:12)
    at _write (node:internal/streams/writable:501:10)
    at Writable.write (node:internal/streams/writable:510:10)
    at Console.log (/Users/sherifelawady/.cache/firebase/tools/lib/node_modules/winston/lib/winston/transports/console.js:87:23)
    at Console._write (/Users/sherifelawady/.cache/firebase/tools/lib/node_modules/winston-transport/modern.js:103:17)
    at doWrite (/Users/sherifelawady/.cache/firebase/tools/lib/node_modules/winston-transport/node_modules/readable-stream/lib/_stream_writable.js:390:139)
[error] 
[error] Error: An unexpected error has occurred.
[debug] [2026-09-17T21:24:02.281Z] Error: write EPIPE
    at afterWriteDispatched (node:internal/stream_base_commons:161:15)
    at writeGeneric (node:internal/stream_base_commons:152:3)
    at Socket._writeGeneric (node:net:958:11)
    at Socket._write (node:net:970:8)
    at writeOrBuffer (node:internal/streams/writable:572:12)
    at _write (node:internal/streams/writable:501:10)
    at Writable.write (node:internal/streams/writable:510:10)
    at Console.log (/Users/sherifelawady/.cache/firebase/tools/lib/node_modules/winston/lib/winston/transports/console.js:87:23)
    at Console._write (/Users/sherifelawady/.cache/firebase/tools/lib/node_modules/winston-transport/modern.js:103:17)
    at doWrite (/Users/sherifelawady/.cache/firebase/tools/lib/node_modules/winston-transport/node_modules/readable-stream/lib/_stream_writable.js:390:139)
[error] 
[error] Error: An unexpected error has occurred.
[debug] [2026-09-17T21:24:02.281Z] Error: write EPIPE
    at afterWriteDispatched (node:internal/stream_base_commons:161:15)
    at writeGeneric (node:internal/stream_base_commons:152:3)
    at Socket._writeGeneric (node:net:958:11)
    at Socket._write (node:net:970:8)
    at writeOrBuffer (node:internal/streams/writable:572:12)
    at _write (node:internal/streams/writable:501:10)
    at Writable.write (node:internal/streams/writable:510:10)
    at Console.log (/Users/sherifelawady/.cache/firebase/tools/lib/node_modules/winston/lib/winston/transports/console.js:87:23)
    at Console._write (/Users/sherifelawady/.cache/firebase/tools/lib/node_modules/winston-transport/modern.js:103:17)
    at doWrite (/Users/sherifelawady/.cache/firebase/tools/lib/node_modules/winston-transport/node_modules/readable-stream/lib/_stream_writable.js:390:139)
[error] 
[error] Error: An unexpected error has occurred.
[debug] [2026-09-17T21:24:02.282Z] Error: write EPIPE
    at afterWriteDispatched (node:internal/stream_base_commons:161:15)
    at writeGeneric (node:internal/stream_base_commons:152:3)
    at Socket._writeGeneric (node:net:958:11)
    at Socket._write (node:net:970:8)
    at writeOrBuffer (node:internal/streams/writable:572:12)
    at _write (node:internal/streams/writable:501:10)
    at Writable.write (node:internal/streams/writable:510:10)
    at Console.log (/Users/sherifelawady/.cache/firebase/tools/lib/node_modules/winston/lib/winston/transports/console.js:87:23)
    at Console._write (/Users/sherifelawady/.cache/firebase/tools/lib/node_modules/winston-transport/modern.js:103:17)
    at doWrite (/Users/sherifelawady/.cache/firebase/tools/lib/node_modules/winston-transport/node_modules/readable-stream/lib/_stream_writable.js:390:139)
[error] 
[error] Error: An unexpected error has occurred.
[debug] [2026-09-17T21:24:02.282Z] Error: write EPIPE
    at afterWriteDispatched (node:internal/stream_base_commons:161:15)
    at writeGeneric (node:internal/stream_base_commons:152:3)
    at Socket._writeGeneric (node:net:958:11)
    at Socket._write (node:net:970:8)
    at writeOrBuffer (node:internal/streams/writable:572:12)
    at _write (node:internal/streams/writable:501:10)
    at Writable.write (node:internal/streams/writable:510:10)
    at Console.log (/Users/sherifelawady/.cache/firebase/tools/lib/node_modules/winston/lib/winston/transports/console.js:87:23)
    at Console._write (/Users/sherifelawady/.cache/firebase/tools/lib/node_modules/winston-transport/modern.js:103:17)
    at doWrite (/Users/sherifelawady/.cache/firebase/tools/lib/node_modules/winston-transport/node_modules/readable-stream/lib/_stream_writable.js:390:139)
[error] 
[error] Error: An unexpected error has occurred.
[debug] [2026-09-17T21:24:02.282Z] Error: write EPIPE
    at afterWriteDispatched (node:internal/stream_base_commons:161:15)
    at writeGeneric (node:internal/stream_base_commons:152:3)
    at Socket._writeGeneric (node:net:958:11)
    at Socket._write (node:net:970:8)
    at writeOrBuffer (node:internal/streams/writable:572:12)
    at _write (node:internal/streams/writable:501:10)
    at Writable.write (node:internal/streams/writable:510:10)
    at Console.log (/Users/sherifelawady/.cache/firebase/tools/lib/node_modules/winston/lib/winston/transports/console.js:87:23)
    at Console._write (/Users/sherifelawady/.cache/firebase/tools/lib/node_modules/winston-transport/modern.js:103:17)
    at doWrite (/Users/sherifelawady/.cache/firebase/tools/lib/node_modules/winston-transport/node_modules/readable-stream/lib/_stream_writable.js:390:139)
[error] 
[error] Error: An unexpected error has occurred.
[debug] [2026-09-17T21:24:02.282Z] Error: write EPIPE
    at afterWriteDispatched (node:internal/stream_base_commons:161:15)
    at writeGeneric (node:internal/stream_base_commons:152:3)
    at Socket._writeGeneric (node:net:958:11)
    at Socket._write (node:net:970:8)
    at writeOrBuffer (node:internal/streams/writable:572:12)
    at _write (node:internal/streams/writable:501:10)
    at Writable.write (node:internal/streams/writable:510:10)
    at Console.log (/Users/sherifelawady/.cache/firebase/tools/lib/node_modules/winston/lib/winston/transports/console.js:87:23)
    at Console._write (/Users/sherifelawady/.cache/firebase/tools/lib/node_modules/winston-transport/modern.js:103:17)
    at doWrite (/Users/sherifelawady/.cache/firebase/tools/lib/node_modules/winston-transport/node_modules/readable-stream/lib/_stream_writable.js:390:139)
[error] 
[error] Error: An unexpected error has occurred.
[debug] [2026-09-17T21:24:02.283Z] Error: write EPIPE
    at afterWriteDispatched (node:internal/stream_base_commons:161:15)
    at writeGeneric (node:internal/stream_base_commons:152:3)
    at Socket._writeGeneric (node:net:958:11)
    at Socket._write (node:net:970:8)
    at writeOrBuffer (node:internal/streams/writable:572:12)
    at _write (node:internal/streams/writable:501:10)
    at Writable.write (node:internal/streams/writable:510:10)
    at Console.log (/Users/sherifelawady/.cache/firebase/tools/lib/node_modules/winston/lib/winston/transports/console.js:87:23)
    at Console._write (/Users/sherifelawady/.cache/firebase/tools/lib/node_modules/winston-transport/modern.js:103:17)
    at doWrite (/Users/sherifelawady/.cache/firebase/tools/lib/node_modules/winston-transport/node_modules/readable-stream/lib/_stream_writable.js:390:139)
[error] 
[error] Error: An unexpected error has occurred.
[debug] [2026-09-17T21:24:02.283Z] Error: write EPIPE
    at afterWriteDispatched (node:internal/stream_base_commons:161:15)
    at writeGeneric (node:internal/stream_base_commons:152:3)
    at Socket._writeGeneric (node:net:958:11)
    at Socket._write (node:net:970:8)
    at writeOrBuffer (node:internal/streams/writable:572:12)
    at _write (node:internal/streams/writable:501:10)
    at Writable.write (node:internal/streams/writable:510:10)
    at Console.log (/Users/sherifelawady/.cache/firebase/tools/lib/node_modules/winston/lib/winston/transports/console.js:87:23)
    at Console._write (/Users/sherifelawady/.cache/firebase/tools/lib/node_modules/winston-transport/modern.js:103:17)
    at doWrite (/Users/sherifelawady/.cache/firebase/tools/lib/node_modules/winston-transport/node_modules/readable-stream/lib/_stream_writable.js:390:139)
[error] 
[error] Error: An unexpected error has occurred.
[debug] [2026-09-17T21:24:02.283Z] Error: write EPIPE
    at afterWriteDispatched (node:internal/stream_base_commons:161:15)
    at writeGeneric (node:internal/stream_base_commons:152:3)
    at Socket._writeGeneric (node:net:958:11)
    at Socket._write (node:net:970:8)
    at writeOrBuffer (node:internal/streams/writable:572:12)
    at _write (node:internal/streams/writable:501:10)
    at Writable.write (node:internal/streams/writable:510:10)
    at Console.log (/Users/sherifelawady/.cache/firebase/tools/lib/node_modules/winston/lib/winston/transports/console.js:87:23)
    at Console._write (/Users/sherifelawady/.cache/firebase/tools/lib/node_modules/winston-transport/modern.js:103:17)
    at doWrite (/Users/sherifelawady/.cache/firebase/tools/lib/node_modules/winston-transport/node_modules/readable-stream/lib/_stream_writable.js:390:139)
[error] 
[error] Error: An unexpected error has occurred.
[debug] [2026-09-17T21:24:02.283Z] Error: write EPIPE
    at afterWriteDispatched (node:internal/stream_base_commons:161:15)
    at writeGeneric (node:internal/stream_base_commons:152:3)
    at Socket._writeGeneric (node:net:958:11)
    at Socket._write (node:net:970:8)
    at writeOrBuffer (node:internal/streams/writable:572:12)
    at _write (node:internal/streams/writable:501:10)
    at Writable.write (node:internal/streams/writable:510:10)
    at Console.log (/Users/sherifelawady/.cache/firebase/tools/lib/node_modules/winston/lib/winston/transports/console.js:87:23)
    at Console._write (/Users/sherifelawady/.cache/firebase/tools/lib/node_modules/winston-transport/modern.js:103:17)
    at doWrite (/Users/sherifelawady/.cache/firebase/tools/lib/node_modules/winston-transport/node_modules/readable-stream/lib/_stream_writable.js:390:139)
[error] 
[error] Error: An unexpected error has occurred.
[debug] [2026-09-17T21:24:02.283Z] Error: write EPIPE
    at afterWriteDispatched (node:internal/stream_base_commons:161:15)
    at writeGeneric (node:internal/stream_base_commons:152:3)
    at Socket._writeGeneric (node:net:958:11)
    at Socket._write (node:net:970:8)
    at writeOrBuffer (node:internal/streams/writable:572:12)
    at _write (node:internal/streams/writable:501:10)
    at Writable.write (node:internal/streams/writable:510:10)
    at Console.log (/Users/sherifelawady/.cache/firebase/tools/lib/node_modules/winston/lib/winston/transports/console.js:87:23)
    at Console._write (/Users/sherifelawady/.cache/firebase/tools/lib/node_modules/winston-transport/modern.js:103:17)
    at doWrite (/Users/sherifelawady/.cache/firebase/tools/lib/node_modules/winston-transport/node_modules/readable-stream/lib/_stream_writable.js:390:139)
[error] 
[error] Error: An unexpected error has occurred.
[debug] [2026-09-17T21:24:02.284Z] Error: write EPIPE
    at afterWriteDispatched (node:internal/stream_base_commons:161:15)
    at writeGeneric (node:internal/stream_base_commons:152:3)
    at Socket._writeGeneric (node:net:958:11)
    at Socket._write (node:net:970:8)
    at writeOrBuffer (node:internal/streams/writable:572:12)
    at _write (node:internal/streams/writable:501:10)
    at Writable.write (node:internal/streams/writable:510:10)
    at Console.log (/Users/sherifelawady/.cache/firebase/tools/lib/node_modules/winston/lib/winston/transports/console.js:87:23)
    at Console._write (/Users/sherifelawady/.cache/firebase/tools/lib/node_modules/winston-transport/modern.js:103:17)
    at doWrite (/Users/sherifelawady/.cache/firebase/tools/lib/node_modules/winston-transport/node_modules/readable-stream/lib/_stream_writable.js:390:139)
[error] 
[error] Error: An unexpected error has occurred.
[debug] [2026-09-17T21:24:02.284Z] Error: write EPIPE
    at afterWriteDispatched (node:internal/stream_base_commons:161:15)
    at writeGeneric (node:internal/stream_base_commons:152:3)
    at Socket._writeGeneric (node:net:958:11)
    at Socket._write (node:net:970:8)
    at writeOrBuffer (node:internal/streams/writable:572:12)
    at _write (node:internal/streams/writable:501:10)
    at Writable.write (node:internal/streams/writable:510:10)
    at Console.log (/Users/sherifelawady/.cache/firebase/tools/lib/node_modules/winston/lib/winston/transports/console.js:87:23)
    at Console._write (/Users/sherifelawady/.cache/firebase/tools/lib/node_modules/winston-transport/modern.js:103:17)
    at doWrite (/Users/sherifelawady/.cache/firebase/tools/lib/node_modules/winston-transport/node_modules/readable-stream/lib/_stream_writable.js:390:139)
[error] 
[error] Error: An unexpected error has occurred.
[debug] [2026-09-17T21:24:02.286Z] Error: write EPIPE
    at afterWriteDispatched (node:internal/stream_base_commons:161:15)
    at writeGeneric (node:internal/stream_base_commons:152:3)
    at Socket._writeGeneric (node:net:958:11)
    at Socket._write (node:net:970:8)
    at writeOrBuffer (node:internal/streams/writable:572:12)
    at _write (node:internal/streams/writable:501:10)
    at Writable.write (node:internal/streams/writable:510:10)
    at Console.log (/Users/sherifelawady/.cache/firebase/tools/lib/node_modules/winston/lib/winston/transports/console.js:87:23)
    at Console._write (/Users/sherifelawady/.cache/firebase/tools/lib/node_modules/winston-transport/modern.js:103:17)
    at doWrite (/Users/sherifelawady/.cache/firebase/tools/lib/node_modules/winston-transport/node_modules/readable-stream/lib/_stream_writable.js:390:139)
[error] 
[error] Error: An unexpected error has occurred.
[debug] [2026-09-17T21:24:02.286Z] Error: write EPIPE
    at afterWriteDispatched (node:internal/stream_base_commons:161:15)
    at writeGeneric (node:internal/stream_base_commons:152:3)
    at Socket._writeGeneric (node:net:958:11)
    at Socket._write (node:net:970:8)
    at writeOrBuffer (node:internal/streams/writable:572:12)
    at _write (node:internal/streams/writable:501:10)
    at Writable.write (node:internal/streams/writable:510:10)
    at Console.log (/Users/sherifelawady/.cache/firebase/tools/lib/node_modules/winston/lib/winston/transports/console.js:87:23)
    at Console._write (/Users/sherifelawady/.cache/firebase/tools/lib/node_modules/winston-transport/modern.js:103:17)
    at doWrite (/Users/sherifelawady/.cache/firebase/tools/lib/node_modules/winston-transport/node_modules/readable-stream/lib/_stream_writable.js:390:139)
[error] 
[error] Error: An unexpected error has occurred.
[debug] [2026-09-17T21:24:02.286Z] Error: write EPIPE
    at afterWriteDispatched (node:internal/stream_base_commons:161:15)
    at writeGeneric (node:internal/stream_base_commons:152:3)
    at Socket._writeGeneric (node:net:958:11)
    at Socket._write (node:net:970:8)
    at writeOrBuffer (node:internal/streams/writable:572:12)
    at _write (node:internal/streams/writable:501:10)
    at Writable.write (node:internal/streams/writable:510:10)
    at Console.log (/Users/sherifelawady/.cache/firebase/tools/lib/node_modules/winston/lib/winston/transports/console.js:87:23)
    at Console._write (/Users/sherifelawady/.cache/firebase/tools/lib/node_modules/winston-transport/modern.js:103:17)
    at doWrite (/Users/sherifelawady/.cache/firebase/tools/lib/node_modules/winston-transport/node_modules/readable-stream/lib/_stream_writable.js:390:139)
[error] 
[error] Error: An unexpected error has occurred.
[debug] [2026-09-17T21:24:02.286Z] Error: write EPIPE
    at afterWriteDispatched (node:internal/stream_base_commons:161:15)
    at writeGeneric (node:internal/stream_base_commons:152:3)
    at Socket._writeGeneric (node:net:958:11)
    at Socket._write (node:net:970:8)
    at writeOrBuffer (node:internal/streams/writable:572:12)
    at _write (node:internal/streams/writable:501:10)
    at Writable.write (node:internal/streams/writable:510:10)
    at Console.log (/Users/sherifelawady/.cache/firebase/tools/lib/node_modules/winston/lib/winston/transports/console.js:87:23)
    at Console._write (/Users/sherifelawady/.cache/firebase/tools/lib/node_modules/winston-transport/modern.js:103:17)
    at doWrite (/Users/sherifelawady/.cache/firebase/tools/lib/node_modules/winston-transport/node_modules/readable-stream/lib/_stream_writable.js:390:139)
[error] 
[error] Error: An unexpected error has occurred.
[debug] [2026-09-17T21:24:02.286Z] Error: write EPIPE
    at afterWriteDispatched (node:internal/stream_base_commons:161:15)
    at writeGeneric (node:internal/stream_base_commons:152:3)
    at Socket._writeGeneric (node:net:958:11)
    at Socket._write (node:net:970:8)
    at writeOrBuffer (node:internal/streams/writable:572:12)
    at _write (node:internal/streams/writable:501:10)
    at Writable.write (node:internal/streams/writable:510:10)
    at Console.log (/Users/sherifelawady/.cache/firebase/tools/lib/node_modules/winston/lib/winston/transports/console.js:87:23)
    at Console._write (/Users/sherifelawady/.cache/firebase/tools/lib/node_modules/winston-transport/modern.js:103:17)
    at doWrite (/Users/sherifelawady/.cache/firebase/tools/lib/node_modules/winston-transport/node_modules/readable-stream/lib/_stream_writable.js:390:139)
[error] 
[error] Error: An unexpected error has occurred.
[debug] [2026-09-17T21:24:02.287Z] Error: write EPIPE
    at afterWriteDispatched (node:internal/stream_base_commons:161:15)
    at writeGeneric (node:internal/stream_base_commons:152:3)
    at Socket._writeGeneric (node:net:958:11)
    at Socket._write (node:net:970:8)
    at writeOrBuffer (node:internal/streams/writable:572:12)
    at _write (node:internal/streams/writable:501:10)
    at Writable.write (node:internal/streams/writable:510:10)
    at Console.log (/Users/sherifelawady/.cache/firebase/tools/lib/node_modules/winston/lib/winston/transports/console.js:87:23)
    at Console._write (/Users/sherifelawady/.cache/firebase/tools/lib/node_modules/winston-transport/modern.js:103:17)
    at doWrite (/Users/sherifelawady/.cache/firebase/tools/lib/node_modules/winston-transport/node_modules/readable-stream/lib/_stream_writable.js:390:139)
[error] 
[error] Error: An unexpected error has occurred.
[debug] [2026-09-17T21:24:02.287Z] Error: write EPIPE
    at afterWriteDispatched (node:internal/stream_base_commons:161:15)
    at writeGeneric (node:internal/stream_base_commons:152:3)
    at Socket._writeGeneric (node:net:958:11)
    at Socket._write (node:net:970:8)
    at writeOrBuffer (node:internal/streams/writable:572:12)
    at _write (node:internal/streams/writable:501:10)
    at Writable.write (node:internal/streams/writable:510:10)
    at Console.log (/Users/sherifelawady/.cache/firebase/tools/lib/node_modules/winston/lib/winston/transports/console.js:87:23)
    at Console._write (/Users/sherifelawady/.cache/firebase/tools/lib/node_modules/winston-transport/modern.js:103:17)
    at doWrite (/Users/sherifelawady/.cache/firebase/tools/lib/node_modules/winston-transport/node_modules/readable-stream/lib/_stream_writable.js:390:139)
[error] 
[error] Error: An unexpected error has occurred.
[debug] [2026-09-17T21:24:02.287Z] Error: write EPIPE
    at afterWriteDispatched (node:internal/stream_base_commons:161:15)
    at writeGeneric (node:internal/stream_base_commons:152:3)
    at Socket._writeGeneric (node:net:958:11)
    at Socket._write (node:net:970:8)
    at writeOrBuffer (node:internal/streams/writable:572:12)
    at _write (node:internal/streams/writable:501:10)
    at Writable.write (node:internal/streams/writable:510:10)
    at Console.log (/Users/sherifelawady/.cache/firebase/tools/lib/node_modules/winston/lib/winston/transports/console.js:87:23)
    at Console._write (/Users/sherifelawady/.cache/firebase/tools/lib/node_modules/winston-transport/modern.js:103:17)
    at doWrite (/Users/sherifelawady/.cache/firebase/tools/lib/node_modules/winston-transport/node_modules/readable-stream/lib/_stream_writable.js:390:139)
[error] 
[error] Error: An unexpected error has occurred.
[debug] [2026-09-17T21:24:02.287Z] Error: write EPIPE
    at afterWriteDispatched (node:internal/stream_base_commons:161:15)
    at writeGeneric (node:internal/stream_base_commons:152:3)
    at Socket._writeGeneric (node:net:958:11)
    at Socket._write (node:net:970:8)
    at writeOrBuffer (node:internal/streams/writable:572:12)
    at _write (node:internal/streams/writable:501:10)
    at Writable.write (node:internal/streams/writable:510:10)
    at Console.log (/Users/sherifelawady/.cache/firebase/tools/lib/node_modules/winston/lib/winston/transports/console.js:87:23)
    at Console._write (/Users/sherifelawady/.cache/firebase/tools/lib/node_modules/winston-transport/modern.js:103:17)
    at doWrite (/Users/sherifelawady/.cache/firebase/tools/lib/node_modules/winston-transport/node_modules/readable-stream/lib/_stream_writable.js:390:139)
[error] 
[error] Error: An unexpected error has occurred.
[debug] [2026-09-17T21:24:02.288Z] Error: write EPIPE
    at afterWriteDispatched (node:internal/stream_base_commons:161:15)
    at writeGeneric (node:internal/stream_base_commons:152:3)
    at Socket._writeGeneric (node:net:958:11)
    at Socket._write (node:net:970:8)
    at writeOrBuffer (node:internal/streams/writable:572:12)
    at _write (node:internal/streams/writable:501:10)
    at Writable.write (node:internal/streams/writable:510:10)
    at Console.log (/Users/sherifelawady/.cache/firebase/tools/lib/node_modules/winston/lib/winston/transports/console.js:87:23)
    at Console._write (/Users/sherifelawady/.cache/firebase/tools/lib/node_modules/winston-transport/modern.js:103:17)
    at doWrite (/Users/sherifelawady/.cache/firebase/tools/lib/node_modules/winston-transport/node_modules/readable-stream/lib/_stream_writable.js:390:139)
[error] 
[error] Error: An unexpected error has occurred.
[debug] [2026-09-17T21:24:02.288Z] Error: write EPIPE
    at afterWriteDispatched (node:internal/stream_base_commons:161:15)
    at writeGeneric (node:internal/stream_base_commons:152:3)
    at Socket._writeGeneric (node:net:958:11)
    at Socket._write (node:net:970:8)
    at writeOrBuffer (node:internal/streams/writable:572:12)
    at _write (node:internal/streams/writable:501:10)
    at Writable.write (node:internal/streams/writable:510:10)
    at Console.log (/Users/sherifelawady/.cache/firebase/tools/lib/node_modules/winston/lib/winston/transports/console.js:87:23)
    at Console._write (/Users/sherifelawady/.cache/firebase/tools/lib/node_modules/winston-transport/modern.js:103:17)
    at doWrite (/Users/sherifelawady/.cache/firebase/tools/lib/node_modules/winston-transport/node_modules/readable-stream/lib/_stream_writable.js:390:139)
[error] 
[error] Error: An unexpected error has occurred.
[debug] [2026-09-17T21:24:02.288Z] Error: write EPIPE
    at afterWriteDispatched (node:internal/stream_base_commons:161:15)
    at writeGeneric (node:internal/stream_base_commons:152:3)
    at Socket._writeGeneric (node:net:958:11)
    at Socket._write (node:net:970:8)
    at writeOrBuffer (node:internal/streams/writable:572:12)
    at _write (node:internal/streams/writable:501:10)
    at Writable.write (node:internal/streams/writable:510:10)
    at Console.log (/Users/sherifelawady/.cache/firebase/tools/lib/node_modules/winston/lib/winston/transports/console.js:87:23)
    at Console._write (/Users/sherifelawady/.cache/firebase/tools/lib/node_modules/winston-transport/modern.js:103:17)
    at doWrite (/Users/sherifelawady/.cache/firebase/tools/lib/node_modules/winston-transport/node_modules/readable-stream/lib/_stream_writable.js:390:139)
[error] 
[error] Error: An unexpected error has occurred.
[debug] [2026-09-17T21:24:02.288Z] Error: write EPIPE
    at afterWriteDispatched (node:internal/stream_base_commons:161:15)
    at writeGeneric (node:internal/stream_base_commons:152:3)
    at Socket._writeGeneric (node:net:958:11)
    at Socket._write (node:net:970:8)
    at writeOrBuffer (node:internal/streams/writable:572:12)
    at _write (node:internal/streams/writable:501:10)
    at Writable.write (node:internal/streams/writable:510:10)
    at Console.log (/Users/sherifelawady/.cache/firebase/tools/lib/node_modules/winston/lib/winston/transports/console.js:87:23)
    at Console._write (/Users/sherifelawady/.cache/firebase/tools/lib/node_modules/winston-transport/modern.js:103:17)
    at doWrite (/Users/sherifelawady/.cache/firebase/tools/lib/node_modules/winston-transport/node_modules/readable-stream/lib/_stream_writable.js:390:139)
[error] 
[error] Error: An unexpected error has occurred.
[debug] [2026-09-17T21:24:02.299Z] Error: write EPIPE
    at afterWriteDispatched (node:internal/stream_base_commons:161:15)
    at writeGeneric (node:internal/stream_base_commons:152:3)
    at Socket._writeGeneric (node:net:958:11)
    at Socket._write (node:net:970:8)
    at writeOrBuffer (node:internal/streams/writable:572:12)
    at _write (node:internal/streams/writable:501:10)
    at Writable.write (node:internal/streams/writable:510:10)
    at Console.log (/Users/sherifelawady/.cache/firebase/tools/lib/node_modules/winston/lib/winston/transports/console.js:87:23)
    at Console._write (/Users/sherifelawady/.cache/firebase/tools/lib/node_modules/winston-transport/modern.js:103:17)
    at doWrite (/Users/sherifelawady/.cache/firebase/tools/lib/node_modules/winston-transport/node_modules/readable-stream/lib/_stream_writable.js:390:139)
[error] 
[error] Error: An unexpected error has occurred.
[debug] [2026-09-17T21:24:02.301Z] Error: write EPIPE
    at afterWriteDispatched (node:internal/stream_base_commons:161:15)
    at writeGeneric (node:internal/stream_base_commons:152:3)
    at Socket._writeGeneric (node:net:958:11)
    at Socket._write (node:net:970:8)
    at writeOrBuffer (node:internal/streams/writable:572:12)
    at _write (node:internal/streams/writable:501:10)
    at Writable.write (node:internal/streams/writable:510:10)
    at Console.log (/Users/sherifelawady/.cache/firebase/tools/lib/node_modules/winston/lib/winston/transports/console.js:87:23)
    at Console._write (/Users/sherifelawady/.cache/firebase/tools/lib/node_modules/winston-transport/modern.js:103:17)
    at doWrite (/Users/sherifelawady/.cache/firebase/tools/lib/node_modules/winston-transport/node_modules/readable-stream/lib/_stream_writable.js:390:139)
[error] 
[error] Error: An unexpected error has occurred.
[debug] [2026-09-17T21:24:02.301Z] Error: write EPIPE
    at afterWriteDispatched (node:internal/stream_base_commons:161:15)
    at writeGeneric (node:internal/stream_base_commons:152:3)
    at Socket._writeGeneric (node:net:958:11)
    at Socket._write (node:net:970:8)
    at writeOrBuffer (node:internal/streams/writable:572:12)
    at _write (node:internal/streams/writable:501:10)
    at Writable.write (node:internal/streams/writable:510:10)
    at Console.log (/Users/sherifelawady/.cache/firebase/tools/lib/node_modules/winston/lib/winston/transports/console.js:87:23)
    at Console._write (/Users/sherifelawady/.cache/firebase/tools/lib/node_modules/winston-transport/modern.js:103:17)
    at doWrite (/Users/sherifelawady/.cache/firebase/tools/lib/node_modules/winston-transport/node_modules/readable-stream/lib/_stream_writable.js:390:139)
[error] 
[error] Error: An unexpected error has occurred.
[debug] [2026-09-17T21:24:02.302Z] Error: write EPIPE
    at afterWriteDispatched (node:internal/stream_base_commons:161:15)
    at writeGeneric (node:internal/stream_base_commons:152:3)
    at Socket._writeGeneric (node:net:958:11)
    at Socket._write (node:net:970:8)
    at writeOrBuffer (node:internal/streams/writable:572:12)
    at _write (node:internal/streams/writable:501:10)
    at Writable.write (node:internal/streams/writable:510:10)
    at Console.log (/Users/sherifelawady/.cache/firebase/tools/lib/node_modules/winston/lib/winston/transports/console.js:87:23)
    at Console._write (/Users/sherifelawady/.cache/firebase/tools/lib/node_modules/winston-transport/modern.js:103:17)
    at doWrite (/Users/sherifelawady/.cache/firebase/tools/lib/node_modules/winston-transport/node_modules/readable-stream/lib/_stream_writable.js:390:139)
[error] 
[error] Error: An unexpected error has occurred.
[debug] [2026-09-17T21:24:02.302Z] Error: write EPIPE
    at afterWriteDispatched (node:internal/stream_base_commons:161:15)
    at writeGeneric (node:internal/stream_base_commons:152:3)
    at Socket._writeGeneric (node:net:958:11)
    at Socket._write (node:net:970:8)
    at writeOrBuffer (node:internal/streams/writable:572:12)
    at _write (node:internal/streams/writable:501:10)
    at Writable.write (node:internal/streams/writable:510:10)
    at Console.log (/Users/sherifelawady/.cache/firebase/tools/lib/node_modules/winston/lib/winston/transports/console.js:87:23)
    at Console._write (/Users/sherifelawady/.cache/firebase/tools/lib/node_modules/winston-transport/modern.js:103:17)
    at doWrite (/Users/sherifelawady/.cache/firebase/tools/lib/node_modules/winston-transport/node_modules/readable-stream/lib/_stream_writable.js:390:139)
[error] 
[error] Error: An unexpected error has occurred.
[debug] [2026-09-17T21:24:02.302Z] Error: write EPIPE
    at afterWriteDispatched (node:internal/stream_base_commons:161:15)
    at writeGeneric (node:internal/stream_base_commons:152:3)
    at Socket._writeGeneric (node:net:958:11)
    at Socket._write (node:net:970:8)
    at writeOrBuffer (node:internal/streams/writable:572:12)
    at _write (node:internal/streams/writable:501:10)
    at Writable.write (node:internal/streams/writable:510:10)
    at Console.log (/Users/sherifelawady/.cache/firebase/tools/lib/node_modules/winston/lib/winston/transports/console.js:87:23)
    at Console._write (/Users/sherifelawady/.cache/firebase/tools/lib/node_modules/winston-transport/modern.js:103:17)
    at doWrite (/Users/sherifelawady/.cache/firebase/tools/lib/node_modules/winston-transport/node_modules/readable-stream/lib/_stream_writable.js:390:139)
[error] 
[error] Error: An unexpected error has occurred.
[debug] [2026-09-17T21:24:02.302Z] Error: write EPIPE
    at afterWriteDispatched (node:internal/stream_base_commons:161:15)
    at writeGeneric (node:internal/stream_base_commons:152:3)
    at Socket._writeGeneric (node:net:958:11)
    at Socket._write (node:net:970:8)
    at writeOrBuffer (node:internal/streams/writable:572:12)
    at _write (node:internal/streams/writable:501:10)
    at Writable.write (node:internal/streams/writable:510:10)
    at Console.log (/Users/sherifelawady/.cache/firebase/tools/lib/node_modules/winston/lib/winston/transports/console.js:87:23)
    at Console._write (/Users/sherifelawady/.cache/firebase/tools/lib/node_modules/winston-transport/modern.js:103:17)
    at doWrite (/Users/sherifelawady/.cache/firebase/tools/lib/node_modules/winston-transport/node_modules/readable-stream/lib/_stream_writable.js:390:139)
[error] 
[error] Error: An unexpected error has occurred.
[debug] [2026-09-17T21:24:02.302Z] Error: write EPIPE
    at afterWriteDispatched (node:internal/stream_base_commons:161:15)
    at writeGeneric (node:internal/stream_base_commons:152:3)
    at Socket._writeGeneric (node:net:958:11)
    at Socket._write (node:net:970:8)
    at writeOrBuffer (node:internal/streams/writable:572:12)
    at _write (node:internal/streams/writable:501:10)
    at Writable.write (node:internal/streams/writable:510:10)
    at Console.log (/Users/sherifelawady/.cache/firebase/tools/lib/node_modules/winston/lib/winston/transports/console.js:87:23)
    at Console._write (/Users/sherifelawady/.cache/firebase/tools/lib/node_modules/winston-transport/modern.js:103:17)
    at doWrite (/Users/sherifelawady/.cache/firebase/tools/lib/node_modules/winston-transport/node_modules/readable-stream/lib/_stream_writable.js:390:139)
[error] 
[error] Error: An unexpected error has occurred.
[debug] [2026-09-17T21:24:02.303Z] Error: write EPIPE
    at afterWriteDispatched (node:internal/stream_base_commons:161:15)
    at writeGeneric (node:internal/stream_base_commons:152:3)
    at Socket._writeGeneric (node:net:958:11)
    at Socket._write (node:net:970:8)
    at writeOrBuffer (node:internal/streams/writable:572:12)
    at _write (node:internal/streams/writable:501:10)
    at Writable.write (node:internal/streams/writable:510:10)
    at Console.log (/Users/sherifelawady/.cache/firebase/tools/lib/node_modules/winston/lib/winston/transports/console.js:87:23)
    at Console._write (/Users/sherifelawady/.cache/firebase/tools/lib/node_modules/winston-transport/modern.js:103:17)
    at doWrite (/Users/sherifelawady/.cache/firebase/tools/lib/node_modules/winston-transport/node_modules/readable-stream/lib/_stream_writable.js:390:139)
[error] 
[error] Error: An unexpected error has occurred.
[debug] [2026-09-17T21:24:02.303Z] Error: write EPIPE
    at afterWriteDispatched (node:internal/stream_base_commons:161:15)
    at writeGeneric (node:internal/stream_base_commons:152:3)
    at Socket._writeGeneric (node:net:958:11)
    at Socket._write (node:net:970:8)
    at writeOrBuffer (node:internal/streams/writable:572:12)
    at _write (node:internal/streams/writable:501:10)
    at Writable.write (node:internal/streams/writable:510:10)
    at Console.log (/Users/sherifelawady/.cache/firebase/tools/lib/node_modules/winston/lib/winston/transports/console.js:87:23)
    at Console._write (/Users/sherifelawady/.cache/firebase/tools/lib/node_modules/winston-transport/modern.js:103:17)
    at doWrite (/Users/sherifelawady/.cache/firebase/tools/lib/node_modules/winston-transport/node_modules/readable-stream/lib/_stream_writable.js:390:139)
[error] 
[error] Error: An unexpected error has occurred.
[debug] [2026-09-17T21:24:02.303Z] Error: write EPIPE
    at afterWriteDispatched (node:internal/stream_base_commons:161:15)
    at writeGeneric (node:internal/stream_base_commons:152:3)
    at Socket._writeGeneric (node:net:958:11)
    at Socket._write (node:net:970:8)
    at writeOrBuffer (node:internal/streams/writable:572:12)
    at _write (node:internal/streams/writable:501:10)
    at Writable.write (node:internal/streams/writable:510:10)
    at Console.log (/Users/sherifelawady/.cache/firebase/tools/lib/node_modules/winston/lib/winston/transports/console.js:87:23)
    at Console._write (/Users/sherifelawady/.cache/firebase/tools/lib/node_modules/winston-transport/modern.js:103:17)
    at doWrite (/Users/sherifelawady/.cache/firebase/tools/lib/node_modules/winston-transport/node_modules/readable-stream/lib/_stream_writable.js:390:139)
[error] 
[error] Error: An unexpected error has occurred.
[debug] [2026-09-17T21:24:02.303Z] Error: write EPIPE
    at afterWriteDispatched (node:internal/stream_base_commons:161:15)
    at writeGeneric (node:internal/stream_base_commons:152:3)
    at Socket._writeGeneric (node:net:958:11)
    at Socket._write (node:net:970:8)
    at writeOrBuffer (node:internal/streams/writable:572:12)
    at _write (node:internal/streams/writable:501:10)
    at Writable.write (node:internal/streams/writable:510:10)
    at Console.log (/Users/sherifelawady/.cache/firebase/tools/lib/node_modules/winston/lib/winston/transports/console.js:87:23)
    at Console._write (/Users/sherifelawady/.cache/firebase/tools/lib/node_modules/winston-transport/modern.js:103:17)
    at doWrite (/Users/sherifelawady/.cache/firebase/tools/lib/node_modules/winston-transport/node_modules/readable-stream/lib/_stream_writable.js:390:139)
[error] 
[error] Error: An unexpected error has occurred.
